url,redirect
/,
/about,
/about/become-a-sponsor-or-member,
/about/clirs-reach,
/about/current-sponsors-and-funders,
/about/governance,
/about/history,
/about/history/CLRhistoryDM95.pdf,/wp-content/uploads/sites/6/2016/09/CLRhistoryDM95.pdf
/about/images/infographic_hires.pdf,/wp-content/uploads/sites/6/2016/09/Infographic_hires.pdf
/about/infographic,
/about/news,/news/
/about/news/collabacademy,/?p=296
/about/news/deadline-extension,/?p=297
/about/news/DHwebinar,/?p=295
/about/news/nitle-webinar-slide-deck,/wp-content/uploads/sites/6/nitle-webinar-slide-deck.pdf
/about/news/pressrelease,/category/pressrelease/
/about/news/pressrelease/04board_pr.html,/?p=300
/about/news/pressrelease/04davenportpr.html,/?p=478
/about/news/pressrelease/04DLFbl_pr.html,/?p=476
/about/news/pressrelease/04DLFjisc_pr.html,/?p=299
/about/news/pressrelease/04gatesrecip.html,/?p=301
/about/news/pressrelease/04MelFell.html,
/about/news/pressrelease/04p123pr.html,/?p=479
/about/news/pressrelease/04p124pr.html,
/about/news/pressrelease/04p126pr.html,
/about/news/pressrelease/04p127pr.html,
/about/news/pressrelease/04p128pr.html,/?p=483
/about/news/pressrelease/05alexand_pr.html,/?p=302
/about/news/pressrelease/05aquifer_pr.html,/?p=303
/about/news/pressrelease/05board_pr.html,/?p=304
/about/news/pressrelease/05gates_pr.html,/?p=305
/about/news/pressrelease/05henry_pr.html,/?p=306
/about/news/pressrelease/05kott_pr.html,/?p=307
/about/news/pressrelease/05mellon_pr.html,/?p=308
/about/news/pressrelease/05p129pr.html,/?p=309
/about/news/pressrelease/05p132pr.html,/?p=310
/about/news/pressrelease/05p134pr.html,/?p=311
/about/news/pressrelease/06boardpr.html,/?p=312
/about/news/pressrelease/06gatespr.html,/?p=313
/about/news/pressrelease/06henrypr.html,/?p=314
/about/news/pressrelease/06nadpr.html,/?p=315
/about/news/pressrelease/06oxfordpr.html,/?p=6924
/about/news/pressrelease/06p135pr.html,/?p=316
/about/news/pressrelease/06p137pr.html,/?p=317
/about/news/pressrelease/06perrypr.html,/?p=318
/about/news/pressrelease/07friedlandpr.html,/?p=319
/about/news/pressrelease/07henrypr.html,/?p=320
/about/news/pressrelease/07kellerpr.html,/?p=321
/about/news/pressrelease/07mellon2pr.html,/?p=322
/about/news/pressrelease/07mellonpr.html,/?p=323
/about/news/pressrelease/08ARTpr.html,/?p=324
/about/news/pressrelease/08choudhurypr.html,/?p=325
/about/news/pressrelease/08hiddenpr.html,/?p=326
/about/news/pressrelease/08hiddenpr2.html,/?p=327
/about/news/pressrelease/08hiddenpr3.html,/?p=328
/about/news/pressrelease/08p141pr.html,/?p=329
/about/news/pressrelease/08p142pr.html,/?p=330
/about/news/pressrelease/09dlfclir.html,/?p=331
/about/news/pressrelease/09hiddenpr4.html,/?p=6950
/about/news/pressrelease/09hiddenpr5.html,/?p=332
/about/news/pressrelease/09imlsgrant.html,/?p=333
/about/news/pressrelease/09melgrant.html,/?p=334
/about/news/pressrelease/09melgrant2.html,/?p=335
/about/news/pressrelease/09p145pr.html,/?p=336
/about/news/pressrelease/10board.html,/?p=337
/about/news/pressrelease/10frick.html,/?p=338
/about/news/pressrelease/10hiddenpr1.html,/?p=339
/about/news/pressrelease/10hiddenpr2.html,/?p=340
/about/news/pressrelease/10pub147.html,/?p=341
/about/news/pressrelease/10pub149.html,/?p=342
/about/news/pressrelease/10taiga.html,/?p=343
/about/news/pressrelease/11betasprint.html,/?p=344
/about/news/pressrelease/11boardpr1.html,/?p=345
/about/news/pressrelease/11dlfpr1.html,/?p=346
/about/news/pressrelease/11dlfpr2.html,/?p=347
/about/news/pressrelease/11fryepr1.html,/?p=6970
/about/news/pressrelease/11hiddenpr1.html,/?p=348
/about/news/pressrelease/11mellonpr1.html,/?p=6975
/about/news/pressrelease/11mellonpr2.html,/?p=349
/about/news/pressrelease/11mellonpr3.html,/?p=350
/about/news/pressrelease/11mellonpr4.html,/?p=351
/about/news/pressrelease/11nuservicepr.html,/?p=352
/about/news/pressrelease/11peterson.html,/?p=353
/about/news/pressrelease/11peterson2.html,/?p=354
/about/news/pressrelease/11pub150pr.html,/?p=298
/about/news/pressrelease/11sloanpr1.html,/?p=7014
/about/news/pressrelease/11zipfpr1.html,/?p=355
/about/news/pressrelease/12anvil,/?p=357
/about/news/pressrelease/12anviljackson,/?p=358
/about/news/pressrelease/12HC1pr.html,/?p=356
/about/news/pressrelease/2002_gatesrecip.html,/?p=487
/about/news/pressrelease/2002_mellfell.html,/?p=488
/about/news/pressrelease/2002_mellfell2.html,/?p=489
/about/news/pressrelease/2002_mellsci.html,/?p=490
/about/news/pressrelease/2002_pub107_pr.html,/?p=491
/about/news/pressrelease/2002_pub108_pr.html,/?p=492
/about/news/pressrelease/2002_pub109_pr.html,/?p=493
/about/news/pressrelease/2002_pub110pr.html,/?p=494
/about/news/pressrelease/2002_seaman.html,/?p=495
/about/news/pressrelease/2002_zipffell.html,/?p=496
/about/news/pressrelease/2002tutorial_pr.html,/?p=497
/about/news/pressrelease/2003_gatesrecip.html,/?p=499
/about/news/pressrelease/2003detweiler.html,/?p=500
/about/news/pressrelease/2003dlfparts.html,/?p=501
/about/news/pressrelease/2003marcum.html,/?p=502
/about/news/pressrelease/2003MelFell.html,/?p=498
/about/news/pressrelease/2003postdoc.html,/?p=503
/about/news/pressrelease/2003pub111pr.html,/?p=504
/about/news/pressrelease/2003pub112pr.html,/?p=505
/about/news/pressrelease/2003pub114pr.html,/?p=506
/about/news/pressrelease/2003pub115pr.html,/?p=507
/about/news/pressrelease/2003pub116pr.html,/?p=508
/about/news/pressrelease/2003pub117pr.html,/?p=509
/about/news/pressrelease/2003pub118pr.html,/?p=510
/about/news/pressrelease/2003pub119pr.html,/?p=511
/about/news/pressrelease/2003pub120pr.html,/?p=512
/about/news/pressrelease/2003pub121pr.html,/?p=513
/about/news/pressrelease/2003pub122pr.html,/?p=514
/about/news/pressrelease/2012clir-vanderbilt,/?p=360
/about/news/pressrelease/2012MellonFellows,/?p=359
/about/news/pressrelease/2012mellongrant,/?p=361
/about/news/pressrelease/2012newboard,/?p=362
/about/news/pressrelease/2012peterson-fellow,/?p=363
/about/news/pressrelease/2012pub153,/?p=364
/about/news/pressrelease/2012pub154,/?p=365
/about/news/pressrelease/2012zipf,/?p=366
/about/news/pressrelease/2013_LCNRPP,/?p=368
/about/news/pressrelease/2013HCawards,/?p=367
/about/news/pressrelease/2013melfells,/?p=369
/about/news/pressrelease/2014HCawards,/?p=370
/about/news/pressrelease/2014mellon,/?p=371
/about/news/pressrelease/2014mellon-visual-studies,/?p=372
/about/news/pressrelease/2015-dighcawards,/?p=373
/about/news/pressrelease/2016DigHC,/?p=374
/about/news/pressrelease/2016lci,/?p=376
/about/news/pressrelease/AnvilAcademic,/?p=377
/about/news/pressrelease/audio-preservation-guide,/?p=392
/about/news/pressrelease/brazil.html,/?p=516
/about/news/pressrelease/ccsteering,/?p=393
/about/news/pressrelease/ccw.html,/?p=517
/about/news/pressrelease/CLIR DLF Announce Data Curation Fellowships,/?p=378
/about/news/pressrelease/clir-and-lc-publish-report-on-americas-endangered-silent-film-heritage,/?p=394
/about/news/pressrelease/clir-announces-2011-hidden-collections-awards,/?p=395
/about/news/pressrelease/clir-appoints-dlf-advisory-subcommittee,/?p=396
/about/news/pressrelease/clir-appoints-michael-f-suarez-distinguished-presidential-fellow,/?p=397
/about/news/pressrelease/clir-board-elects-ingrid-parent-appoints-new-executive-committee,/?p=398
/about/news/pressrelease/clir-names-new-postdoctoral-fellows-cohort-includes-clir-dlf-data-curation-postdoctoral-fellows,/?p=399
/about/news/pressrelease/clir-publishes-born-digital-guidance-for-donors-dealers-and-archival-repositories,/?p=400
/about/news/pressrelease/clir-publishes-research-data-management-principles-practices-and-prospects,/?p=401
/about/news/pressrelease/clir-receives-mellon-grant-for-postdoctoral-fellowships-in-data-curation-for-early-modern-studies,/?p=402
/about/news/pressrelease/cliringhouse.html,/?p=518
/about/news/pressrelease/coherence-new-members,/?p=403
/about/news/pressrelease/datacurationhosts,/?p=404
/about/news/pressrelease/developing-business-cases-for-new-services-report-offers-recommendations-for-research-libraries,/?p=405
/about/news/pressrelease/DHCaward,/?p=379
/about/news/pressrelease/dlf-advisorycommittee,/?p=406
/about/news/pressrelease/DLFendorses2.html,/?p=515
/about/news/pressrelease/DLFnowviskie,/?p=381
/about/news/pressrelease/dlfrenew.html,/?p=7142
/about/news/pressrelease/DLFSxSWi,/?p=380
/about/news/pressrelease/docabstractsinc.html,/?p=519
/about/news/pressrelease/enduring.html,/?p=7147
/about/news/pressrelease/ESCI-2014,/?p=382
/about/news/pressrelease/escience-inst,/?p=407
/about/news/pressrelease/fellows.html,/?p=520
/about/news/pressrelease/fellows2.html,/?p=7157
/about/news/pressrelease/fellows3.html,/?p=521
/about/news/pressrelease/fenella-france,/?p=408
/about/news/pressrelease/gates.html,/?p=522
/about/news/pressrelease/gates2.html,/?p=523
/about/news/pressrelease/HannahRasmussen,/?p=368
/about/news/pressrelease/hc-callforproposals,/?p=409
/about/news/pressrelease/HC2012,/?p=383
/about/news/pressrelease/HC2015app,/?p=384
/about/news/pressrelease/HCsymposium,/?p=385
/about/news/pressrelease/how-does-big-data-change-the-research-landscape-for-the-humanities-and-social-sciences,/?p=410
/about/news/pressrelease/imls-grant,/?p=411
/about/news/pressrelease/john-unsworth,/?p=412
/about/news/pressrelease/kenney.html,/?p=524
/about/news/pressrelease/king-nitle,/?p=413
/about/news/pressrelease/lci2015,/?p=415
/about/news/pressrelease/libpublisher,/?p=416
/about/news/pressrelease/luce.html,/?p=525
/about/news/pressrelease/medieval-grant,/?p=417
/about/news/pressrelease/mellgrant.html,/?p=526
/about/news/pressrelease/mellon-operating-grant,/?p=430
/about/news/pressrelease/mellon.html,/?p=527
/about/news/pressrelease/Mellondissertation,/?p=387
/about/news/pressrelease/mellonfellows2015,/?p=421
/about/news/pressrelease/mellonHCdigitize,/?p=420
/about/news/pressrelease/michael-edson,/?p=422
/about/news/pressrelease/molly-broad,/?p=423
/about/news/pressrelease/museum-images,/?p=424
/about/news/pressrelease/ndsa,/?p=425
/about/news/pressrelease/NDSR,/?p=388
/about/news/pressrelease/new_board,/?p=426
/about/news/pressrelease/NITLE-AC,/?p=389
/about/news/pressrelease/nowviskie,/?p=427
/about/news/pressrelease/oai.html,/?p=528
/about/news/pressrelease/openlab,/?p=429
/about/news/pressrelease/opgrant,/?p=430
/about/news/pressrelease/peterson-fellowship,/?p=431
/about/news/pressrelease/postdoc-collab,/?p=432
/about/news/pressrelease/pub100_press.html,/?p=529
/about/news/pressrelease/pub101_press.html,/?p=530
/about/news/pressrelease/pub103_press.html,/?p=531
/about/news/pressrelease/pub104_press.html,/?p=532
/about/news/pressrelease/pub105_press.html,/?p=533
/about/news/pressrelease/pub161,/?p=433
/about/news/pressrelease/pub162,/?p=434
/about/news/pressrelease/pub163,/?p=435
/about/news/pressrelease/pub90_press.html,/?p=534
/about/news/pressrelease/pub91_press.html,/?p=535
/about/news/pressrelease/pub92_press.html,/?p=536
/about/news/pressrelease/pub93_press.html,/?p=537
/about/news/pressrelease/pub94_press.html,/?p=538
/about/news/pressrelease/pub95_press.html,/?p=539
/about/news/pressrelease/pub96_press.html,/?p=540
/about/news/pressrelease/pub97_press.html,/?p=541
/about/news/pressrelease/pub98_press.html,/?p=542
/about/news/pressrelease/pub99_press.html,/?p=543
/about/news/pressrelease/RachelFrick_DPLA,/?p=390
/about/news/pressrelease/report-takes-global-perspective-on-supporting-digital-scholarship,/?p=463
/about/news/pressrelease/sloan-data-curation-award,/?p=414
/about/news/pressrelease/stephen-nichols,/?p=438
/about/news/pressrelease/stillo-clir-lc-mellon-fellowship,/?p=439
/about/news/pressrelease/VanDuinen,/?p=391
/about/news/pressrelease/visguide.html,/?p=544
/about/news/pressrelease/wayne-graham,/?p=441
/about/news/pressrelease/zipf2000.html,/?p=545
/about/news/pressrelease/zipf2001.html,/?p=546
/about/presidents-message,
/about/pubs/archives/schmitz.pdf,/wp-content/uploads/sites/6/schmitz.pdf
/about/staff,/staff/
/dlf,https://www.diglib.org
/fellowships,
/fellowships/mellon,
/fellowships/mellon/applicantguidelines.html,/fellowships/mellon/application-guidelines/
/fellowships/mellon/applicants.html,/fellowships/mellon/information-for-applicants/
/fellowships/mellon/application,
/fellowships/mellon/fellrecipients.html,/fellowships/mellon/information-for-recipients/
/fellowships/mellon/MelFellRefGuideWeb.pdf,/wp-content/uploads/sites/6/MelFellRefGuideWeb.pdf
/fellowships/mellon/preservation.html,/fellowships/mellon/preservation/
/fellowships/mellon/preservation.html/CLIRLCApplication.pdf,/wp-content/uploads/sites/6/CLIRLCApplication.pdf
/fellowships/mellon/preservation.html/CLIRLCMelFellRefGuide.pdf,/wp-content/uploads/sites/6/CLIRLCMelFellRefGuide.pdf
/fellowships/mellon/recipients.html,/fellowships/mellon/fellowship-recipients/
/fellowships/mellon/recipients.html/CLIR_travel_policy.pdf,/wp-content/uploads/sites/6/CLIR_travel_policy.pdf
/fellowships/mellon/recipients.html/clir-travel-policy-10_22_15,/wp-content/uploads/sites/6/CLIR_travel_policy.pdf
/fellowships/mellon/recipients.html/CLIRreimburseForm.xls,/wp-content/uploads/sites/6/CLIRreimburseForm.xls
/fellowships/mellon/recipients.html/CLIRstipendForm.pdf,/wp-content/uploads/sites/6/CLIRstipendForm.doc
/fellowships/mellon/recipients.html/MellonStipendDisburseForm.doc,/wp-content/uploads/sites/6/MellonStipendDisburseForm.doc
/fellowships/postdoc,
/fellowships/postdoc/applicants,
/fellowships/postdoc/applicants/acad,
/fellowships/postdoc/applicants/bu2015,
/fellowships/postdoc/applicants/california-digital-library,
/fellowships/postdoc/applicants/carnegie-mellon-university,
/fellowships/postdoc/applicants/columbia-university,
/fellowships/postdoc/applicants/dc-medieval,
/fellowships/postdoc/applicants/dc-science,
/fellowships/postdoc/applicants/duke-university,
/fellowships/postdoc/applicants/duke2015,
/fellowships/postdoc/applicants/essay-questions,
/fellowships/postdoc/applicants/faq,
/fellowships/postdoc/applicants/federal-reserve-bank-of-kansas-city-the-center-for-the-advancement-of-data-and-research-in-economics,
/fellowships/postdoc/applicants/internetarchive2015,
/fellowships/postdoc/applicants/jhu_dcs2015,
/fellowships/postdoc/applicants/lafayette-college,
/fellowships/postdoc/applicants/library-of-congress-preservation-research-and-testing-division-prtd,
/fellowships/postdoc/applicants/massachusetts-institute-of-technology-mit-libraries,
/fellowships/postdoc/applicants/ncar2015,
/fellowships/postdoc/applicants/north-carolina-state-university,
/fellowships/postdoc/applicants/notredame_dcs2015,
/fellowships/postdoc/applicants/notredame2015,
/fellowships/postdoc/applicants/smith-college,
/fellowships/postdoc/applicants/st-lawrence2015,
/fellowships/postdoc/applicants/swarthmore_upa2015,
/fellowships/postdoc/applicants/temple-university-libraries,/postdoc/applicants/temple2015
/fellowships/postdoc/applicants/temple2015,
/fellowships/postdoc/applicants/u-miami,
/fellowships/postdoc/applicants/u-s-agency-for-international-development,
/fellowships/postdoc/applicants/ucberkeley_dcs2015,
/fellowships/postdoc/applicants/UIUC2015,
/fellowships/postdoc/applicants/university-of-california-berkeley-1,
/fellowships/postdoc/applicants/university-of-oklahoma-libraries,
/fellowships/postdoc/applicants/university-of-pennsylvania,
/fellowships/postdoc/applicants/university-of-pennsylvania-libraries,
/fellowships/postdoc/applicants/university-of-victoria,
/fellowships/postdoc/applicants/university-of-wisconsin-madison,
/fellowships/postdoc/applicants/urochester2015,
/fellowships/postdoc/applicants/utoronto2015,
/fellowships/postdoc/applicants/vanderbilt-university,
/fellowships/postdoc/applicants/vt2015,
/fellowships/postdoc/applicants/wellesley-college,
/fellowships/postdoc/applicants/yale-university-library,
/fellowships/postdoc/fellowsupdate,
/fellowships/postdoc/hosts,
/fellowships/postdoc/hosts/acad,
/fellowships/postdoc/hosts/dc-medieval,
/fellowships/postdoc/hosts/dc-science,
/fellowships/postdoc/info,
/fellowships/postdoc/info/academic-libraries,
/fellowships/postdoc/info/dc-medieval,
/fellowships/postdoc/info/dc-science,
/fellowships/postdoc/previous,
/fellowships/postdoc/projsandpubs,
/fellowships/postdoc/recipients,
/fellowships/postdoc/recipients/CLIRPostdocTravelReimbursementForm.xls,/wp-content/uploads/sites/6/CLIRPostdocTravelReimbursementForm.xls
/fellowships/postdoc/recipients/dc-all,
/fellowships/postdoc/recipients/fellowreport,
/fellowships/postdoc/recipients/Financialreportingtemplate_postdoc.xlsx,/wp-content/uploads/sites/6/Financialreportingtemplate_postdoc.xlsx
/fellowships/postdoc/recipients/past-education-and-training-program-dates,
/fellowships/postdoc/recipients/summer-2012-seminar-agenda,
/fellowships/postdoc/recipients/summer-2013-seminar-agenda,
/fellowships/postdoc/recipients/summer-seminar-agenda-2014,
/fellowships/postdoc/recipients/summer-seminar-agenda-2015,
/fellowships/postdoc/recipients/supervisorreport,
/fellowships/postdoc/recipients/winter-Dec2013-meeting-agenda,
/fellowships/postdoc/teaching-by-the-book,/wp-content/uploads/sites/6/teaching-by-the-book.pdf
/fellowships/rovelstad,
/fellowships/zipf,
/forms/clir_travel_policy,/wp-content/uploads/sites/6/clir_travel_policy.pdf
/hiddencollections,
/hiddencollections/2015-symposium-unconference,
/hiddencollections/2015-symposium-unconference/keynotes,
/hiddencollections/2015-symposium-unconference/poster,
/hiddencollections/2015-symposium-unconference/presenter-guidelines,
/hiddencollections/2015-symposium-unconference/schedule,
/hiddencollections/2015-symposium-unconference/symposium-abstracts,
/hiddencollections/2015-symposium-unconference/unconference-draft-schedule,
/hiddencollections/about-the-program,
/hiddencollections/applicants,
/hiddencollections/applicants/applicant-documents/dhclistofcollections,/wp-content/uploads/sites/6/ListofCollections.xlsx
/hiddencollections/applicants/applicant-documents/dhcproposalcoversheet.pdf,/wp-content/uploads/sites/6/dhcproposalcoversheet.pdf
/hiddencollections/applicants/applicant-documents/dhcreviewerquestions.pdf,/wp-content/uploads/sites/6/dhcreviewerquestions.pdf
https://www.clir.org/hiddencollections/applicants/reviewer-questions-2016,/wp-content/uploads/sites/6/reviewer-questions-2016.pdf
/hiddencollections/applicants/applicant-documents/model-ip-agreement,/wp-content/uploads/sites/6/CLIR_Digitization_Model_IP_Agreement.pdf
/hiddencollections/applicants/applicant-documents/projectplanappendix,/wp-content/uploads/sites/6/ProjectPlanAppendix.xlsx
/hiddencollections/applicants/applicantguidelines.html,/hiddencollections/applicants/guidelines/
/hiddencollections/applicants/applicantguidelines.html/MultiplePartyContentandDigitalFilesTEMPLATECLIR.docx,/wp-content/uploads/sites/6/MultiplePartyContentandDigitalFilesTEMPLATECLIR.docx
/hiddencollections/applicants/clir-staff-presentations/2016-applicant-webinar-presentation-slides,/wp-content/uploads/sites/6/MultiplePartyContentandDigitalFilesTEMPLATECLIR.docx
https://www.clir.org/hiddencollections/applicants/dhc-second-round-checklist,/wp-content/uploads/sites/6/00CLIR.pdf
/hiddencollections/applicants/ErieCanalMuseumWard_3173149_Redacted.pdf,/wp-content/uploads/sites/6/dhc-second-round-checklist.pdf
/hiddencollections/applicants/LehighUniversityLindermanLibraryBlack_3173130_Redacted.pdf,/wp-content/uploads/sites/6/LehighUniversityLindermanLibraryBlack_3173130_Redacted.pdf
/hiddencollections/applicants/related-grant-programs,
/hiddencollections/applicants/related-grant-programs/general-advice,
/hiddencollections/applicants/TheHarryRansomCenteratTheUniversityofTexasatAustinEnniss_3173122_Redacted.pdf,/wp-content/uploads/sites/6/2016/09/TheHarryRansomCenteratTheUniversityofTexasatAustinEnniss_3173122_Redacted.pdf
/hiddencollections/applicants/ThePresidentsandFellowsofHarvardCollegefortheRadcliffeInstituteforAdvancedStudyCarpent_3173138_Redacted.pdf,/wp-content/uploads/sites/6/2016/09/ThePresidentsandFellowsofHarvardCollegefortheRadcliffeInstituteforAdvancedStudyCarpent_3173138_Redacted.pdf
/hiddencollections/awards,
/hiddencollections/awards/for-2008,
/hiddencollections/awards/for-2009,
/hiddencollections/awards/for-2010,
/hiddencollections/awards/for-2011,
/hiddencollections/awards/for-2012,
/hiddencollections/awards/for-2013,
/hiddencollections/awards/for-2014,
/hiddencollections/awards/for-2015,
/hiddencollections/meetings/2010HCsymposium.html,/hidden-collections/2010hcsymposium
/hiddencollections/meetings/symposium/symposium20100329_gallery.html,/hiddencollections/2010hcsymposium/symposium20100329_gallery/
/hiddencollections/program-proposals/2008HiddenCollectionsProposal.pdf,/wp-content/uploads/sites/6/2008HiddenCollectionsProposal.pdf
/hiddencollections/program-proposals/2015-digitizing-hidden-collections-proposal-pdf,/wp-content/uploads/sites/6/2015HCProposal_20150204.pdf
/hiddencollections/recipients,
/hiddencollections/recipients/CHCgrantinfo.html,/hiddencollections/recipients/chcgrantinfo
/hiddencollections/recipients/clir-connect-signup-form,
/hiddencollections/recipients/financialreportingtemplate_grantmodification,/wp-content/uploads/sites/6/Financialreportingtemplate_GRANTMODIFICATION.xls
/hiddencollections/recipients/hc-report-template,/wp-content/uploads/sites/6/Annual_Report_Form_Template.doc
/hiddencollections/recipients/hidden-collections-financial-report-mockup,/wp-content/uploads/sites/6/HiddenCollectionsFinancialReportingExample.pdf
/hiddencollections/recipients/hidden-collections-financial-report-template-edited,/wp-content/uploads/sites/6/HiddenCollectionsFinancialReportingTemplate.xls
/hiddencollections/recipients/meetings/SAAPresentationText.pdf,/wp-content/uploads/sites/6/SAAPresentationText.pdf
/hiddencollections/recipients/reporting,
/hiddencollections/recipients/reporting/secure-report,
/hiddencollections/registry,
/hiddencollections/registry/hc.0005,
/hiddencollections/registry/hc.0011,
/hiddencollections/registry/hc.0060,
/hiddencollections/registry/hc.0241,
/hiddencollections/registry/hc.0253,
/hiddencollections/registry/hc.0258,
/hiddencollections/registry/hc.0362,
/hiddencollections/registry/hc.0365,
/hiddencollections/registry/hc.0406,
/hiddencollections/registry/hc.0407,
/hiddencollections/registry/hc.0448,
/hiddencollections/registry/hc.0517,
/hiddencollections/registry/hc.0525,
/hiddencollections/registry/hc.0557,
/hiddencollections/registry/hc.0824,
/hiddencollections/registry/hc.0831,
/hiddencollections/registry/hc.0865,
/hiddencollections/registry/hc.0920,
/hiddencollections/registry/hc.0939,
/hiddencollections/registry/hc.0960,
/hiddencollections/registry/hc.0964,
/hiddencollections/registry/hc.1067,
/hiddencollections/registry/hc.1091,
/hiddencollections/registry/hc.1115,
/hiddencollections/registry/hc.1144,
/hiddencollections/resources,
/initiatives-partnerships,
/initiatives-partnerships/anvil-academic-publishing,
/initiatives-partnerships/anvil-academic-publishing/anvil-board,
/initiatives-partnerships/cios,
/initiatives-partnerships/data-curation,
/initiatives-partnerships/DLME,/initiatives-partnerships/dlme
/initiatives-partnerships/leadership-through-new-communities,
/initiatives-partnerships/leadership-through-new-communities/digccurr-institute-unc,
/initiatives-partnerships/leadership-through-new-communities/future-of-the-liberal-arts-college-library-symposium,
/initiatives-partnerships/leadership-through-new-communities/previous-activities,
/initiatives-partnerships/leading-change-institute,http://leadingchangeinstitute.org
/initiatives-partnerships/ndsr,
/initiatives-partnerships/ndsr/CLIRNDSRResidentInterviewQuestions3.pdf,/wp-content/uploads/sites/6/CLIRNDSRResidentInterviewQuestions3.pdf
/initiatives-partnerships/ndsr/CLIRNDSRSupervisorInterviewQuestions1.pdf,/wp-content/uploads/sites/6/CLIRNDSRSupervisorInterviewQuestions1.pdf
/privacy.html,/privacy/
/pubs,
/pubs/annual,
/pubs/annual/11annrep.pdf,/wp-content/uploads/sites/6/11annrep.pdf
/pubs/annual/12annrep.pdf,/wp-content/uploads/sites/6/12annrep.pdf
/pubs/annual/13annreport.pdf,/wp-content/uploads/sites/6/13annreport.pdf
/pubs/annual/14annreport.pdf,/wp-content/uploads/sites/6/14annreport.pdf
/pubs/annual/15annreport,/wp-content/uploads/sites/6/15annreport.pdf
/pubs/annual/previous-annual-reports,
/pubs/annual/previous-annual-reports/04annrep.pdf,/wp-content/uploads/sites/6/04annrep.pdf
/pubs/annual/previous-annual-reports/05annrep.pdf,/wp-content/uploads/sites/6/05annrep.pdf
/pubs/annual/previous-annual-reports/07annrep.pdf,/wp-content/uploads/sites/6/06annrep.pdf
/pubs/annual/previous-annual-reports/08annrep.pdf,/wp-content/uploads/sites/6/08annrep.pdf
/pubs/annual/previous-annual-reports/09annrep.pdf,/wp-content/uploads/sites/6/09annrep.pdf
/pubs/annual/previous-annual-reports/10annrep.pdf,/wp-content/uploads/sites/6/10annrep.pdf
/pubs/annual/previous-annual-reports/annrpt2000,
/pubs/annual/previous-annual-reports/annrpt2000/00CLIR.pdf,/wp-content/uploads/sites/6/00CLIR.pdf
/pubs/annual/previous-annual-reports/annrpt2000/acknowledgments.html,/pubs/annual/previous-annual-reports/annrpt2000/acknowledgments
/pubs/annual/previous-annual-reports/annrpt2000/advisory.html,/pubs/annual/previous-annual-reports/annrpt2000/advisory
/pubs/annual/previous-annual-reports/annrpt2000/audit25.html,/pubs/annual/previous-annual-reports/annrpt2000/audit25
/pubs/annual/previous-annual-reports/annrpt2000/economics.html,/pubs/annual/previous-annual-reports/annrpt2000/economics
/pubs/annual/previous-annual-reports/annrpt2000/grants.html,/pubs/annual/previous-annual-reports/annrpt2000/grants
/pubs/annual/previous-annual-reports/annrpt2000/international.html,/pubs/annual/previous-annual-reports/annrpt2000/international
/pubs/annual/previous-annual-reports/annrpt2000/leadership.html,/pubs/annual/previous-annual-reports/annrpt2000/leadership
/pubs/annual/previous-annual-reports/annrpt2000/letter.html,/pubs/annual/previous-annual-reports/annrpt2000/letter
/pubs/annual/previous-annual-reports/annrpt2000/libraries.html,/pubs/annual/previous-annual-reports/annrpt2000/libraries
/pubs/annual/previous-annual-reports/annrpt2000/message.html,/pubs/annual/previous-annual-reports/annrpt2000/message
/pubs/annual/previous-annual-reports/annrpt2000/preservation.html,/pubs/annual/previous-annual-reports/annrpt2000/preservation
/pubs/annual/previous-annual-reports/annrpt2000/publications.html,/pubs/annual/previous-annual-reports/annrpt2000/publications
/pubs/annual/previous-annual-reports/annrpt2000/resources.html,/pubs/annual/previous-annual-reports/annrpt2000/resources
/pubs/annual/previous-annual-reports/annrpt2001,
/pubs/annual/previous-annual-reports/annrpt2001/01CLIR.pdf,/wp-content/uploads/sites/6/01CLIR.pdf
/pubs/annual/previous-annual-reports/annrpt2001/acknowledgments.html,/pubs/annual/previous-annual-reports/annrpt2001/acknowledgments
/pubs/annual/previous-annual-reports/annrpt2001/advisory.html,/pubs/annual/previous-annual-reports/annrpt2001/advisory
/pubs/annual/previous-annual-reports/annrpt2001/auditxx.html,/pubs/annual/previous-annual-reports/annrpt2001/auditxx
/pubs/annual/previous-annual-reports/annrpt2001/grants.html,/pubs/annual/previous-annual-reports/annrpt2001/grants
/pubs/annual/previous-annual-reports/annrpt2001/international.html,/pubs/annual/previous-annual-reports/annrpt2001/international
/pubs/annual/previous-annual-reports/annrpt2001/leadership.html,/pubs/annual/previous-annual-reports/annrpt2001/leadership
/pubs/annual/previous-annual-reports/annrpt2001/letter.html,/pubs/annual/previous-annual-reports/annrpt2001/letter
/pubs/annual/previous-annual-reports/annrpt2001/libraries.html,/pubs/annual/previous-annual-reports/annrpt2001/libraries
/pubs/annual/previous-annual-reports/annrpt2001/message.html,/pubs/annual/previous-annual-reports/annrpt2001/message
/pubs/annual/previous-annual-reports/annrpt2001/preservation.html,/pubs/annual/previous-annual-reports/annrpt2001/preservation
/pubs/annual/previous-annual-reports/annrpt2001/publications.html,/pubs/annual/previous-annual-reports/annrpt2001/publications
/pubs/annual/previous-annual-reports/annrpt2001/resources.html,/pubs/annual/previous-annual-reports/annrpt2001/resources
/pubs/annual/previous-annual-reports/annrpt2002/02annrep.pdf,/wp-content/uploads/sites/6/02annrep.pdf
/pubs/annual/previous-annual-reports/annrpt2003/03annrep.pdf,/wp-content/uploads/sites/6/03annrep.pdf
/pubs/annual/previous-annual-reports/annrpt88.html,/pubs/annual/previous-annual-reports/annrpt88
/pubs/annual/previous-annual-reports/annrpt89.html,/pubs/annual/previous-annual-reports/annrpt89
/pubs/annual/previous-annual-reports/annrpt90.html,/pubs/annual/previous-annual-reports/annrpt90
/pubs/annual/previous-annual-reports/annrpt91.html,/pubs/annual/previous-annual-reports/annrpt91
/pubs/annual/previous-annual-reports/annrpt92.html,/pubs/annual/previous-annual-reports/annrpt92
/pubs/annual/previous-annual-reports/annrpt93.html,/pubs/annual/previous-annual-reports/annrpt93
/pubs/annual/previous-annual-reports/annrpt94.html,/pubs/annual/previous-annual-reports/annrpt94
/pubs/annual/previous-annual-reports/annrpt95.html,/pubs/annual/previous-annual-reports/annrpt95
/pubs/annual/previous-annual-reports/annrpt96,/pubs/annual/previous-annual-reports/annrpt96
/pubs/annual/previous-annual-reports/annrpt97,/pubs/annual/previous-annual-reports/annrpt97
/pubs/annual/previous-annual-reports/annrpt97/acknowledgments.html,/pubs/annual/previous-annual-reports/annrpt97/acknowledgments
/pubs/annual/previous-annual-reports/annrpt97/advisory.html,/pubs/annual/previous-annual-reports/annrpt97/advisory
/pubs/annual/previous-annual-reports/annrpt97/economics.html,/pubs/annual/previous-annual-reports/annrpt97/economics
/pubs/annual/previous-annual-reports/annrpt97/grants.pdf,/wp-content/uploads/sites/6/grants.pdf
/pubs/annual/previous-annual-reports/annrpt97/leadership.html,/pubs/annual/previous-annual-reports/annrpt97/leadership
/pubs/annual/previous-annual-reports/annrpt97/libraries.html,/pubs/annual/previous-annual-reports/annrpt97/libraries
/pubs/annual/previous-annual-reports/annrpt97/message.html,/pubs/annual/previous-annual-reports/annrpt97/message
/pubs/annual/previous-annual-reports/annrpt97/preservation.html,/pubs/annual/previous-annual-reports/annrpt97/preservation
/pubs/annual/previous-annual-reports/annrpt97/programs.html,/pubs/annual/previous-annual-reports/annrpt97/programs
/pubs/annual/previous-annual-reports/annrpt97/publications.html,/pubs/annual/previous-annual-reports/annrpt97/publications
/pubs/annual/previous-annual-reports/annrpt97/task.html,/pubs/annual/previous-annual-reports/annrpt97/task
/pubs/annual/previous-annual-reports/annrpt98,
/pubs/annual/previous-annual-reports/annrpt98/acknowledgments.html,/pubs/annual/previous-annual-reports/annrpt98/acknowledgments
/pubs/annual/previous-annual-reports/annrpt98/advisory.html,/pubs/annual/previous-annual-reports/annrpt98/advisory
/pubs/annual/previous-annual-reports/annrpt98/economics.html,/pubs/annual/previous-annual-reports/annrpt98/economics
/pubs/annual/previous-annual-reports/annrpt98/grants.pdf,/wp-content/uploads/sites/6/grants_57d70f736dcad.pdf
/pubs/annual/previous-annual-reports/annrpt98/leadership.html,/pubs/annual/previous-annual-reports/annrpt98/leadership
/pubs/annual/previous-annual-reports/annrpt98/letter.html,/pubs/annual/previous-annual-reports/annrpt98/letter
/pubs/annual/previous-annual-reports/annrpt98/libraries.html,/pubs/annual/previous-annual-reports/annrpt98/libraries
/pubs/annual/previous-annual-reports/annrpt98/message.html,pubs/annual/previous-annual-reports/annrpt98/message
/pubs/annual/previous-annual-reports/annrpt98/preservation.html,/pubs/annual/previous-annual-reports/annrpt98/preservation
/pubs/annual/previous-annual-reports/annrpt98/programs.html,/pubs/annual/previous-annual-reports/annrpt98/programs
/pubs/annual/previous-annual-reports/annrpt98/publications.html,/pubs/annual/previous-annual-reports/annrpt98/publications
/pubs/annual/previous-annual-reports/annrpt99,
/pubs/annual/previous-annual-reports/annrpt99/acknowledgments.html,/pubs/annual/previous-annual-reports/annrpt99/acknowledgments
/pubs/annual/previous-annual-reports/annrpt99/activities.html,/pubs/annual/previous-annual-reports/annrpt99/activities
/pubs/annual/previous-annual-reports/annrpt99/advisory.html,/pubs/annual/previous-annual-reports/annrpt99/advisory
/pubs/annual/previous-annual-reports/annrpt99/audit31.html,/pubs/annual/previous-annual-reports/annrpt99/audit31
/pubs/annual/previous-annual-reports/annrpt99/economics.html,/pubs/annual/previous-annual-reports/annrpt99/economics
/pubs/annual/previous-annual-reports/annrpt99/fullreport.pdf,/wp-content/uploads/sites/6/annrpt99-fullreport.pdf
/pubs/annual/previous-annual-reports/annrpt99/grants.html,/pubs/annual/previous-annual-reports/annrpt99/grants
/pubs/annual/previous-annual-reports/annrpt99/international.html,/pubs/annual/previous-annual-reports/annrpt99/international
/pubs/annual/previous-annual-reports/annrpt99/leadership.html,/pubs/annual/previous-annual-reports/annrpt99/leadership
/pubs/annual/previous-annual-reports/annrpt99/letter.html,/pubs/annual/previous-annual-reports/annrpt99/letter
/pubs/annual/previous-annual-reports/annrpt99/libraries.html,/pubs/annual/previous-annual-reports/annrpt99/libraries
/pubs/annual/previous-annual-reports/annrpt99/message.html,/pubs/annual/previous-annual-reports/annrpt99/message
/pubs/annual/previous-annual-reports/annrpt99/preservation.html,/pubs/annual/previous-annual-reports/annrpt99/preservation
/pubs/annual/previous-annual-reports/annrpt99/publications.html,/pubs/annual/previous-annual-reports/annrpt99/publications
/pubs/annual/previous-annual-reports/annrpt99/resources.html,/pubs/annual/previous-annual-reports/annrpt99/resources
/pubs/annual/previous-annual-reports/finrpt88.html,/pubs/annual/previous-annual-reports/finrpt88/
/pubs/annual/previous-annual-reports/finrpt89.html,/pubs/annual/previous-annual-reports/finrpt89
/pubs/annual/previous-annual-reports/finrpt90.html,/pubs/annual/previous-annual-reports/finrpt90
/pubs/annual/previous-annual-reports/finrpt92.html,/pubs/annual/previous-annual-reports/finrpt92
/pubs/archives,
/pubs/archives/AckerShilton2010.pdf,/wp-content/uploads/sites/6/AckerShilton2010.pdf
/pubs/archives/AckerShiltonAppend2.pdf,/wp-content/uploads/sites/6/AckerShiltonAppend2.pdf
/pubs/archives/cliringhouse,
/pubs/archives/cliringhouse/house01.html,/pubs/archives/cliringhouse/house01
/pubs/archives/cliringhouse/house02.html,/pubs/archives/cliringhouse/house02
/pubs/archives/cliringhouse/house03.html,/pubs/archives/cliringhouse/house03
/pubs/archives/cliringhouse/house04.html,/pubs/archives/cliringhouse/house04
/pubs/archives/cliringhouse/house05.html,/pubs/archives/cliringhouse/house05
/pubs/archives/cliringhouse/house06.html,/pubs/archives/cliringhouse/house06
/pubs/archives/cliringhouse/house07.html,/pubs/archives/cliringhouse/house07
/pubs/archives/cliringhouse/house08.html,/pubs/archives/cliringhouse/house08
/pubs/archives/cliringhouse/house09.html,/pubs/archives/cliringhouse/house09
/pubs/archives/cliringhouse/house10.html,/pubs/archives/cliringhouse/house10
/pubs/archives/cliringhouse/house11.html,/pubs/archives/cliringhouse/house11
/pubs/archives/cliringhouse/house12.html,/pubs/archives/cliringhouse/house12
/pubs/archives/cliringhouse/house13.html,/pubs/archives/cliringhouse/house13
/pubs/archives/cliringhouse/house14.html,/pubs/archives/cliringhouse/house14
/pubs/archives/cliringhouse/house15.html,/pubs/archives/cliringhouse/house15
/pubs/archives/cliringhouse/house16.html,/pubs/archives/cliringhouse/house16
/pubs/archives/cliringhouse/house17.html,/pubs/archives/cliringhouse/house17
/pubs/archives/cliringhouse/house18.html,/pubs/archives/cliringhouse/house18
/pubs/archives/cliringhouse/house19.html,/pubs/archives/cliringhouse/house19
/pubs/archives/cpanews,
/pubs/archives/cpanews/cpanl01.html,/pubs/archives/cpanews/cpanl01
/pubs/archives/cpanews/cpanl02.html,/pubs/archives/cpanews/cpanl02
/pubs/archives/cpanews/cpanl03.html,/pubs/archives/cpanews/cpanl03
/pubs/archives/cpanews/cpanl04.html,/pubs/archives/cpanews/cpanl04
/pubs/archives/cpanews/cpanl05.html,/pubs/archives/cpanews/cpanl05
/pubs/archives/cpanews/cpanl06.html,/pubs/archives/cpanews/cpanl06
/pubs/archives/cpanews/cpanl07.html,/pubs/archives/cpanews/cpanl07
/pubs/archives/cpanews/cpanl08.html,/pubs/archives/cpanews/cpanl08
/pubs/archives/cpanews/cpanl09.html,/pubs/archives/cpanews/cpanl09
/pubs/archives/cpanews/cpanl10.html,/pubs/archives/cpanews/cpanl10
/pubs/archives/cpanews/cpanl100.html,/pubs/archives/cpanews/cpanl100
/pubs/archives/cpanews/cpanl101.html,/pubs/archives/cpanews/cpanl101
/pubs/archives/cpanews/cpanl102.html,/pubs/archives/cpanews/cpanl102
/pubs/archives/cpanews/cpanl103.html,/pubs/archives/cpanews/cpanl103
/pubs/archives/cpanews/cpanl104.html,/pubs/archives/cpanews/cpanl104
/pubs/archives/cpanews/cpanl11.html,/pubs/archives/cpanews/cpanl11
/pubs/archives/cpanews/cpanl12.html,/pubs/archives/cpanews/cpanl12
/pubs/archives/cpanews/cpanl13.html,/pubs/archives/cpanews/cpanl13
/pubs/archives/cpanews/cpanl14.html,/pubs/archives/cpanews/cpanl14
/pubs/archives/cpanews/cpanl15.html,/pubs/archives/cpanews/cpanl15
/pubs/archives/cpanews/cpanl16.html,/pubs/archives/cpanews/cpanl16
/pubs/archives/cpanews/cpanl17.html,/pubs/archives/cpanews/cpanl17
/pubs/archives/cpanews/cpanl18.html,/pubs/archives/cpanews/cpanl18
/pubs/archives/cpanews/cpanl19.html,/pubs/archives/cpanews/cpanl19
/pubs/archives/cpanews/cpanl20.html,/pubs/archives/cpanews/cpanl20
/pubs/archives/cpanews/cpanl21.html,/pubs/archives/cpanews/cpanl21
/pubs/archives/cpanews/cpanl22.html,/pubs/archives/cpanews/cpanl22
/pubs/archives/cpanews/cpanl23.html,/pubs/archives/cpanews/cpanl23
/pubs/archives/cpanews/cpanl24.html,/pubs/archives/cpanews/cpanl24
/pubs/archives/cpanews/cpanl25.html,/pubs/archives/cpanews/cpanl25
/pubs/archives/cpanews/cpanl26.html,/pubs/archives/cpanews/cpanl26
/pubs/archives/cpanews/cpanl27.html,/pubs/archives/cpanews/cpanl27
/pubs/archives/cpanews/cpanl28.html,/pubs/archives/cpanews/cpanl28
/pubs/archives/cpanews/cpanl29.html,/pubs/archives/cpanews/cpanl29
/pubs/archives/cpanews/cpanl30.html,/pubs/archives/cpanews/cpanl30
/pubs/archives/cpanews/cpanl31.html,/pubs/archives/cpanews/cpanl31
/pubs/archives/cpanews/cpanl32.html,/pubs/archives/cpanews/cpanl32
/pubs/archives/cpanews/cpanl33.html,/pubs/archives/cpanews/cpanl33
/pubs/archives/cpanews/cpanl34.html,/pubs/archives/cpanews/cpanl34
/pubs/archives/cpanews/cpanl35.html,/pubs/archives/cpanews/cpanl35
/pubs/archives/cpanews/cpanl36.html,/pubs/archives/cpanews/cpanl36
/pubs/archives/cpanews/cpanl37.html,/pubs/archives/cpanews/cpanl37
/pubs/archives/cpanews/cpanl38.html,/pubs/archives/cpanews/cpanl38
/pubs/archives/cpanews/cpanl39.html,/pubs/archives/cpanews/cpanl39
/pubs/archives/cpanews/cpanl40.html,/pubs/archives/cpanews/cpanl40
/pubs/archives/cpanews/cpanl41.html,/pubs/archives/cpanews/cpanl41
/pubs/archives/cpanews/cpanl42.html,/pubs/archives/cpanews/cpanl42
/pubs/archives/cpanews/cpanl43.html,/pubs/archives/cpanews/cpanl43
/pubs/archives/cpanews/cpanl44.html,/pubs/archives/cpanews/cpanl44
/pubs/archives/cpanews/cpanl45.html,/pubs/archives/cpanews/cpanl45
/pubs/archives/cpanews/cpanl46.html,/pubs/archives/cpanews/cpanl46
/pubs/archives/cpanews/cpanl47.html,/pubs/archives/cpanews/cpanl47
/pubs/archives/cpanews/cpanl48.html,/pubs/archives/cpanews/cpanl48
/pubs/archives/cpanews/cpanl49.html,/pubs/archives/cpanews/cpanl49
/pubs/archives/cpanews/cpanl50.html,/pubs/archives/cpanews/cpanl50
/pubs/archives/cpanews/cpanl51.html,/pubs/archives/cpanews/cpanl51
/pubs/archives/cpanews/cpanl52.html,/pubs/archives/cpanews/cpanl52
/pubs/archives/cpanews/cpanl53.html,/pubs/archives/cpanews/cpanl53
/pubs/archives/cpanews/cpanl54.html,/pubs/archives/cpanews/cpanl54
/pubs/archives/cpanews/cpanl55.html,/pubs/archives/cpanews/cpanl55
/pubs/archives/cpanews/cpanl56.html,/pubs/archives/cpanews/cpanl56
/pubs/archives/cpanews/cpanl57.html,/pubs/archives/cpanews/cpanl57
/pubs/archives/cpanews/cpanl58.html,/pubs/archives/cpanews/cpanl58
/pubs/archives/cpanews/cpanl59.html,/pubs/archives/cpanews/cpanl59
/pubs/archives/cpanews/cpanl60.html,/pubs/archives/cpanews/cpanl60
/pubs/archives/cpanews/cpanl61.html,/pubs/archives/cpanews/cpanl61
/pubs/archives/cpanews/cpanl62.html,/pubs/archives/cpanews/cpanl62
/pubs/archives/cpanews/cpanl63.html,/pubs/archives/cpanews/cpanl63
/pubs/archives/cpanews/cpanl64.html,/pubs/archives/cpanews/cpanl64
/pubs/archives/cpanews/cpanl65.html,/pubs/archives/cpanews/cpanl65
/pubs/archives/cpanews/cpanl66.html,/pubs/archives/cpanews/cpanl66
/pubs/archives/cpanews/cpanl67.html,/pubs/archives/cpanews/cpanl67
/pubs/archives/cpanews/cpanl68.html,/pubs/archives/cpanews/cpanl68
/pubs/archives/cpanews/cpanl69.html,/pubs/archives/cpanews/cpanl69
/pubs/archives/cpanews/cpanl70.html,/pubs/archives/cpanews/cpanl70
/pubs/archives/cpanews/cpanl71.html,/pubs/archives/cpanews/cpanl71
/pubs/archives/cpanews/cpanl72.html,/pubs/archives/cpanews/cpanl72
/pubs/archives/cpanews/cpanl73.html,/pubs/archives/cpanews/cpanl73
/pubs/archives/cpanews/cpanl74.html,/pubs/archives/cpanews/cpanl74
/pubs/archives/cpanews/cpanl75.html,/pubs/archives/cpanews/cpanl75
/pubs/archives/cpanews/cpanl76.html,/pubs/archives/cpanews/cpanl76
/pubs/archives/cpanews/cpanl77.html,/pubs/archives/cpanews/cpanl77
/pubs/archives/cpanews/cpanl79.html,/pubs/archives/cpanews/cpanl79
/pubs/archives/cpanews/cpanl80.html,/pubs/archives/cpanews/cpanl80
/pubs/archives/cpanews/cpanl81.html,/pubs/archives/cpanews/cpanl81
/pubs/archives/cpanews/cpanl82.html,/pubs/archives/cpanews/cpanl82
/pubs/archives/cpanews/cpanl83.html,/pubs/archives/cpanews/cpanl83
/pubs/archives/cpanews/cpanl84.html,/pubs/archives/cpanews/cpanl84
/pubs/archives/cpanews/cpanl85.html,/pubs/archives/cpanews/cpanl85
/pubs/archives/cpanews/cpanl86.html,/pubs/archives/cpanews/cpanl86
/pubs/archives/cpanews/cpanl87.html,/pubs/archives/cpanews/cpanl87
/pubs/archives/cpanews/cpanl88.html,/pubs/archives/cpanews/cpanl88
/pubs/archives/cpanews/cpanl89.html,/pubs/archives/cpanews/cpanl89
/pubs/archives/cpanews/cpanl90.html,/pubs/archives/cpanews/cpanl90
/pubs/archives/cpanews/cpanl91.html,/pubs/archives/cpanews/cpanl91
/pubs/archives/cpanews/cpanl92.html,/pubs/archives/cpanews/cpanl92
/pubs/archives/cpanews/cpanl93.html,/pubs/archives/cpanews/cpanl93
/pubs/archives/cpanews/cpanl94.html,/pubs/archives/cpanews/cpanl94
/pubs/archives/cpanews/cpanl95.html,/pubs/archives/cpanews/cpanl95
/pubs/archives/cpanews/cpanl96.html,/pubs/archives/cpanews/cpanl96
/pubs/archives/cpanews/cpanl97.html,/pubs/archives/cpanews/cpanl97
/pubs/archives/cpanews/cpanl98.html,/pubs/archives/cpanews/cpanl98
/pubs/archives/cpanews/cpanl99.html,/pubs/archives/cpanews/cpanl99
/pubs/archives/dublin2008.pdf,/wp-content/uploads/sites/6/dublin2008.pdf
/pubs/archives/ejournal.htm,/pubs/archives/ejournal
/pubs/archives/ensuring.pdf,/wp-content/uploads/sites/6/ensuring.pdf
/pubs/archives/film,
/pubs/archives/film/future,
/pubs/archives/film/future/discussion.html,/pubs/archives/film/future/discussion
/pubs/archives/film/future/order.html,/pubs/archives/film/future/order
/pubs/archives/film/future/otheres.html,/pubs/archives/film/future/otheres
/pubs/archives/harter509.mp3,/wp-content/uploads/sites/6/harter509.mp3
/pubs/archives/hybrid.pdf,/wp-content/uploads/sites/6/hybrid.pdf
/pubs/archives/hybrid2.doc,/wp-content/uploads/sites/6/hybrid2.doc
/pubs/archives/hybridintro.html,/pubs/archives/hybridintro/
/pubs/archives/KIT-Friedlander.pdf,/wp-content/uploads/sites/6/KIT-Friedlander.pdf
/pubs/archives/pain,
/pubs/archives/pain/pain01.html,/pubs/archives/pain01
/pubs/archives/pain/pain02.html,/pubs/archives/pain02
/pubs/archives/pain/pain03.html,/pubs/archives/pain03
/pubs/archives/pain/pain04.html,/pubs/archives/pain04
/pubs/archives/pain/pain05.html,/pubs/archives/pain05
/pubs/archives/pain/pain06.html,/pubs/archives/pain06
/pubs/archives/pain/pain07.html,/pubs/archives/pain07
/pubs/archives/pain/pain08.html,/pubs/archives/pain08
/pubs/archives/pain/pain09.html,/pubs/archives/pain09
/pubs/archives/pain/pain09survey.html,/pubs/archives/pain09survey
/pubs/archives/pain/pain10.html,/pubs/archives/pain10
/pubs/archives/Podcasts,/pubs/archives/podcasts
/pubs/archives/reports/pub115/pub115.pdf,/wp-content/uploads/sites/6/pub115.pdf
/pubs/archives/research,
/pubs/archives/research/rb1.html,/pubs/archives/research/rb1
/pubs/archives/research/rb2.html,/pubs/archives/research/rb2
/pubs/archives/research/rb3.html,/pubs/archives/research/rb3
/pubs/archives/research/rb4.html,/pubs/archives/research/rb4
/pubs/archives/research/rb5.html,/pubs/archives/research/rb5
/pubs/archives/research/rb6.html,/pubs/archives/research/rb6
/pubs/archives/schmitz.pdf,/wp-content/uploads/sites/6/schmitz.pdf
/pubs/archives/SehatFarr2009.pdf,/wp-content/uploads/sites/6/sites/6/SehatFarr2009.pdf
/pubs/archives/ShiltonToolsfinal.pdf,/wp-content/uploads/sites/6/sites/6/ShiltonToolsfinal.pdf
/pubs/execsum,
/pubs/issues,/category/issues/
/pubs/issues/images/iss87spiro,/wp-content/uploads/sites/6/LisaSpiro.jpg
/pubs/issues/issues01.html,/?p=714
/pubs/issues/issues01a.html,/?p=1705
/pubs/issues/issues02.html,/?p=715
/pubs/issues/issues03.html,/?p=716
/pubs/issues/issues04.html,/?p=717
/pubs/issues/issues05.html,/?p=718
/pubs/issues/issues06.html,/?p=719
/pubs/issues/issues07.html,/?p=720
/pubs/issues/issues08.html,/?p=721
/pubs/issues/issues09.html,/?p=722
/pubs/issues/issues10.html,/?p=723
/pubs/issues/issues100,/?p=703
/pubs/issues/issues101,/?p=704
/pubs/issues/issues101/ferraiolo-and-gallivan-2,/?p=704
/pubs/issues/issues102,/?p=705
/pubs/issues/issues103,/?p=706
/pubs/issues/issues104,/?p=707
/pubs/issues/issues105,/?p=708
/pubs/issues/issues106,/?p=709
/pubs/issues/issues107,/?p=710
/pubs/issues/issues108,/?p=711
/pubs/issues/issues109,/?p=561
/pubs/issues/issues110,/?p=712
/pubs/issues/issues111,/?p=713
/pubs/issues/issues112,/?p=714
/pubs/issues/issues113,/?p=9286
/pubs/issues/issues11.html,/?p=724
/pubs/issues/issues12.html,/?p=725
/pubs/issues/issues13.html,/?p=726
/pubs/issues/issues14.html,/?p=562
/pubs/issues/issues15.html,/?p=727
/pubs/issues/issues16.html,/?p=728
/pubs/issues/issues17.html,/?p=729
/pubs/issues/issues18.html,/?p=730
/pubs/issues/issues19.html,/?p=731
/pubs/issues/issues20.html,/?p=563
/pubs/issues/issues21.html,/?p=733
/pubs/issues/issues22.html,/?p=734
/pubs/issues/issues23.html,/?p=735
/pubs/issues/issues24.html,/?p=736
/pubs/issues/issues25.html,/?p=737
/pubs/issues/issues26.html,/?p=564
/pubs/issues/issues27.html,/?p=738
/pubs/issues/issues28.html,/?p=739
/pubs/issues/issues29.html,/?p=740
/pubs/issues/issues30.html,/?p=741
/pubs/issues/issues31.html,/?p=742
/pubs/issues/issues32.html,/?p=565
/pubs/issues/issues33.html,/?p=743
/pubs/issues/issues34.html,/?p=744
/pubs/issues/issues35.html,/?p=745
/pubs/issues/issues36.html,/?p=746
/pubs/issues/issues37.html,/?p=747
/pubs/issues/issues38.html,/?p=566
/pubs/issues/issues39.html,/?p=749
/pubs/issues/issues40.html,/?p=750
/pubs/issues/issues41.html,/?p=751
/pubs/issues/issues42.html,/?p=752
/pubs/issues/issues43.html,/?p=753
/pubs/issues/issues44.html,/?p=567
/pubs/issues/issues45.html,/?p=754
/pubs/issues/issues46.html,/?p=755
/pubs/issues/issues47.html,/?p=756
/pubs/issues/issues48.html,/?p=757
/pubs/issues/issues49.html,/?p=758
/pubs/issues/issues50.html,/?p=759
/pubs/issues/issues51.html,/?p=760
/pubs/issues/issues52.html,/?p=761
/pubs/issues/issues53.html,/?p=762
/pubs/issues/issues54.html,/?p=763
/pubs/issues/issues55.html,/?p=764
/pubs/issues/issues56.html,/?p=569
/pubs/issues/issues57.html,/?p=765
/pubs/issues/issues58.html,/?p=766
/pubs/issues/issues59.html,/?p=767
/pubs/issues/issues60.html,/?p=768
/pubs/issues/issues61.html,/?p=570
/pubs/issues/issues62.html,/?p=769
/pubs/issues/issues63.html,/?p=770
/pubs/issues/issues64.html,/?p=771
/pubs/issues/issues65.html,/?p=772
/pubs/issues/issues66.html,/?p=773
/pubs/issues/issues67.html,/?p=571
/pubs/issues/issues68.html,/?p=774
/pubs/issues/issues69.html,/?p=775
/pubs/issues/issues70.html,/?p=776
/pubs/issues/issues71.html,/?p=777
/pubs/issues/issues72.html,/?p=778
/pubs/issues/issues73.html,/?p=779
/pubs/issues/issues74.html,/?p=780
/pubs/issues/issues7576.html,/?p=781
/pubs/issues/issues77.html,/?p=782
/pubs/issues/issues78.html,/?p=572
/pubs/issues/issues79.html,/?p=783
/pubs/issues/issues80.html,/?p=784
/pubs/issues/issues81.html,/?p=785
/pubs/issues/issues82.html,/?p=786
/pubs/issues/issues83.html,/?p=787
/pubs/issues/issues84.html,/?p=789
/pubs/issues/issues85.html,/?p=573
/pubs/issues/issues86.html,/?p=790
/pubs/issues/issues87,/?p=470
/pubs/issues/issues88,/?p=471
/pubs/issues/issues89,/?p=472
/pubs/issues/issues90,/?p=473
/pubs/issues/issues90/dlf-forum-photos,/?p=9224
/pubs/issues/issues91,/?p=474
/pubs/issues/issues92,/?p=791
/pubs/issues/issues93,/?p=792
/pubs/issues/issues94,/?p=793
/pubs/issues/issues95,/?p=794
/pubs/issues/issues96,/?p=795
/pubs/issues/issues97,/?p=574
/pubs/issues/issues98,/?p=796
/pubs/issues/issues99,/?p=797
/pubs/issues/signup.html,/?p=788
/pubs/ordering-report-prints,
/pubs/pubs/reports/pub145/pub145.pdf,/wp-content/uploads/sites/6/pub145.pdf
/pubs/reports,
/pubs/reports/arms-79/contents.html,
/pubs/reports/arms-79/pub79.pdf,/wp-content/uploads/sites/6/pub79.pdf
/pubs/reports/ostrow,
/pubs/reports/ostrow/pub71.html,/reports/ostrow/pub71
/pubs/reports/pub100/pub100.pdf,/wp-content/uploads/sites/6/pub100.pdf
https://www.clir.org/pubs/reports/pub100,
https://www.clir.org/pubs/reports/pub101,
/pubs/reports/pub101/pub101.pdf,/wp-content/uploads/sites/6/pub101.pdf
https://www.clir.org/pubs/reports/pub102,
/pubs/reports/pub103,http://staging.clir.org/pubs/reports/pub103/
/pubs/reports/pub103/appendix1.html,
/pubs/reports/pub103/appendix2.html,
/pubs/reports/pub103/appendix3.html,
/pubs/reports/pub103/appendix4.html,
/pubs/reports/pub103/appendix5.html,http://staging.clir.org/pubs/reports/pub103/appendix5/
/pubs/reports/pub103/appendix6.html,http://staging.clir.org/pubs/reports/pub103/appendix6/
/pubs/reports/pub103/appendix7.html,http://staging.clir.org/pubs/reports/pub103/appendix7/
/pubs/reports/pub103/contents.html,http://staging.clir.org/pubs/reports/pub103/contents/
/pubs/reports/pub103/pub103.pdf,/wp-content/uploads/sites/6/pub103.pdf
/pubs/reports/pub103/section1.html,http://staging.clir.org/pubs/reports/pub103/part1/
/pubs/reports/pub103/section2.html,http://staging.clir.org/pubs/reports/pub103/part2/
/pubs/reports/pub103/section3.html,http://staging.clir.org/pubs/reports/pub103/part3/
/pubs/reports/pub103/section4.html,http://staging.clir.org/pubs/reports/pub103/part4/
/pubs/reports/pub103/section5.html,http://staging.clir.org/pubs/reports/pub103/part5/
/pubs/reports/pub103/section6.html,http://staging.clir.org/pubs/reports/pub103/part6/
/pubs/reports/pub104/contents.html,
/pubs/reports/pub104/pub104.pdf,/wp-content/uploads/sites/6/pub104.pdf
https://www.clir.org/pubs/reports/pub105,
/pubs/reports/pub105/pub105.pdf,/wp-content/uploads/sites/6/pub105.pdf
/pubs/reports/pub106,
/pubs/reports/pub106/contents.html,
/pubs/reports/pub107,http://staging.clir.org/pubs/reports/pub107/
/pubs/reports/pub107/contents.html,http://staging.clir.org/pubs/reports/pub107/contents/
https://www.clir.org/pubs/reports/pub107/marcum.html,http://staging.clir.org/pubs/reports/pub107/marcum/
https://www.clir.org/pubs/reports/pub107/thibodeau.html,http://staging.clir.org/pubs/reports/pub107/thibodeau/
https://www.clir.org/pubs/reports/pub107/hedstrom.html,http://staging.clir.org/pubs/reports/pub107/hedstrom/
https://www.clir.org/pubs/reports/pub107/bellinger.html,http://staging.clir.org/pubs/reports/pub107/bellinger/
https://www.clir.org/pubs/reports/pub107/campbell.html,http://staging.clir.org/pubs/reports/pub107/campbell/
https://www.clir.org/pubs/reports/pub107/vanderwerf.html,http://staging.clir.org/pubs/reports/pub107/vanderwerf/
https://www.clir.org/pubs/reports/pub107/webb.html,http://staging.clir.org/pubs/reports/pub107/webb/
https://www.clir.org/pubs/reports/pub107/waters.html,http://staging.clir.org/pubs/reports/pub107/waters/
https://www.clir.org/pubs/reports/pub108,http://staging.clir.org/pubs/reports/pub108/
/pubs/reports/pub108/pub108.pdf,/wp-content/uploads/sites/6/pub108.pdf
https://www.clir.org/pubs/reports/pub109,
https://www.clir.org/pubs/reports/pub110,
https://www.clir.org/pubs/reports/pub111,http://staging.clir.org/pubs/reports/pub111/
https://www.clir.org/pubs/reports/pub111/contents.html,http://staging.clir.org/pubs/reports/pub111/contents/
https://www.clir.org/pubs/reports/pub111/introsum.html,http://staging.clir.org/pubs/reports/pub111/parts1and2/
https://www.clir.org/pubs/reports/pub111/recs.html,http://staging.clir.org/pubs/reports/pub111/part3/
https://www.clir.org/pubs/reports/pub111/background.html,http://staging.clir.org/pubs/reports/pub111/part4/
https://www.clir.org/pubs/reports/pub111/survresults.html,http://staging.clir.org/pubs/reports/pub111/part5/
https://www.clir.org/pubs/reports/pub111/siteresults.html,http://staging.clir.org/pubs/reports/pub111/part6/
https://www.clir.org/pubs/reports/pub111/references.html,http://staging.clir.org/pubs/reports/pub111/references/
https://www.clir.org/pubs/reports/pub111/appendixa.html,http://staging.clir.org/pubs/reports/pub111/appendixa/
https://www.clir.org/pubs/reports/pub111/appendixb.html,http://staging.clir.org/pubs/reports/pub111/appendixb/
https://www.clir.org/pubs/reports/pub111/appendixc.html,http://staging.clir.org/pubs/reports/pub111/appendixc/
/pubs/reports/pub111/pub111.pdf,/wp-content/uploads/sites/6/pub111.pdf
https://www.clir.org/pubs/abstract//reports/pub112,
/pubs/reports/pub112/pub112.pdf,/wp-content/uploads/sites/6/pub114.pdf
https://www.clir.org/pubs/abstract//reports/pub113,
https://www.clir.org/pubs/reports/pub114,http://staging.clir.org/pubs/reports/pub114/
/pubs/reports/pub114/sum114.html,
/pubs/reports/pub115,http://staging.clir.org/pubs/reports/pub115/
https://www.clir.org/pubs/reports/pub115/sec1.html,http://staging.clir.org/pubs/reports/pub115/part1/
https://www.clir.org/pubs/reports/pub115/sec2.html,http://staging.clir.org/pubs/reports/pub115/part2/
https://www.clir.org/pubs/reports/pub115/sec3.html,http://staging.clir.org/pubs/reports/pub115/part3/
https://www.clir.org/pubs/reports/pub115/sec4.html,http://staging.clir.org/pubs/reports/pub115/part4/
https://www.clir.org/pubs/reports/pub115/sec5.html,http://staging.clir.org/pubs/reports/pub115/part5/
/pubs/reports/pub115/contents.html,http://staging.clir.org/pubs/reports/pub115/contents/
/pubs/reports/pub115/sum115.html,http://staging.clir.org/pubs/reports/pub115/sum115/
/pubs/reports/pub116,http://staging.clir.org/pubs/reports/pub116/
https://www.clir.org/pubs/reports/pub116/sec1.html,http://staging.clir.org/pubs/reports/pub116/part1/
https://www.clir.org/pubs/reports/pub116/sec2.html,http://staging.clir.org/pubs/reports/pub116/part2/
https://www.clir.org/pubs/reports/pub116/sec3.html,http://staging.clir.org/pubs/reports/pub116/part3/
https://www.clir.org/pubs/reports/pub116/sec4.html,http://staging.clir.org/pubs/reports/pub116/part4/
https://www.clir.org/pubs/reports/pub116/sec5.html,http://staging.clir.org/pubs/reports/pub116/part5/
/pubs/reports/pub116/contents.html,http://staging.clir.org/pubs/reports/pub116/contents/
/pubs/reports/pub116/sum116.html,http://staging.clir.org/pubs/reports/pub116/sum116/
/pubs/reports/pub117,http://staging.clir.org/pubs/reports/pub117/
/pubs/reports/pub117/contents.html,http://staging.clir.org/pubs/reports/pub117/contents/
https://www.clir.org/pubs/reports/pub117/sec1.html,http://staging.clir.org/pubs/reports/pub117/part1/
https://www.clir.org/pubs/reports/pub117/sec2.html,http://staging.clir.org/pubs/reports/pub117/part2/
https://www.clir.org/pubs/reports/pub117/sec3.html,http://staging.clir.org/pubs/reports/pub117/part3/
https://www.clir.org/pubs/reports/pub117/sec4.html,http://staging.clir.org/pubs/reports/pub117/part4/
https://www.clir.org/pubs/reports/pub117/sec5.html,http://staging.clir.org/pubs/reports/pub117/part5/
https://www.clir.org/pubs/reports/pub117/sec6.html,http://staging.clir.org/pubs/reports/pub117/part6/
https://www.clir.org/pubs/reports/pub117/sec7.html,http://staging.clir.org/pubs/reports/pub117/part7/
https://www.clir.org/pubs/reports/pub117/sec8.html,http://staging.clir.org/pubs/reports/pub117/part8/
https://www.clir.org/pubs/reports/pub117/appendixes.html,http://staging.clir.org/pubs/reports/pub117/appendixes/
https://www.clir.org/pubs/reports/pub117/references.html,http://staging.clir.org/pubs/reports/pub117/references/
/pubs/reports/pub117/sum117.html,http://staging.clir.org/pubs/reports/pub117/sum117/
/pubs/reports/pub118/sum118.html,
/pubs/reports/pub119/sum119.html,
/pubs/reports/pub120/sum120.html,
https://www.clir.org/pubs/reports/pub121,
/pubs/reports/pub122,http://staging.clir.org/pubs/reports/pub122/
https://www.clir.org/pubs/reports/pub122/part1.html,http://staging.clir.org/pubs/reports/pub122/part1/
,http://staging.clir.org/pubs/reports/pub122/part2/
,http://staging.clir.org/pubs/reports/pub122/part3/
,http://staging.clir.org/part-5-web-only-tables-and-documents/
/pubs/reports/pub122/sum122.html,http://staging.clir.org/pubs/reports/pub122/sum122/
https://www.clir.org/pubs/reports/pub123,
/pubs/reports/pub124/sum124.html,
https://www.clir.org/pubs/reports/pub125,
/pubs/reports/pub126/,
/pubs/reports/pub126/sum126.html,/pubs/reports/pub126/sum126
https://www.clir.org/pubs/reports/pub126/contents.html,/pubs/reports/pub126/contents
https://www.clir.org/pubs/reports/pub126/smith1.html,/pubs/reports/pub126/smith1
https://www.clir.org/pubs/reports/pub126/green.html,/pubs/reports/pub126/green
https://www.clir.org/pubs/reports/pub126/kenney.html,
https://www.clir.org/pubs/reports/pub126/ivey.html,
https://www.clir.org/pubs/reports/pub126/lavoie.html,
https://www.clir.org/pubs/reports/pub126/smith2.html,
https://www.clir.org/pubs/reports/pub126/parts.html,
https://www.clir.org/pubs/reports/pub127,
/pubs/reports/pub127/sum127.html,
/pubs/reports/pub128/,
/pubs/reports/pub128/sum128.html,/pubs/reports/pub128/sum128
https://www.clir.org/pubs/reports/pub128/part1.html,/pubs/reports/pub128/part1
https://www.clir.org/pubs/reports/pub128/part2.html,/pubs/reports/pub128/part2
https://www.clir.org/pubs/reports/pub128/appendix1.html,/pubs/reports/pub128/appendix1
https://www.clir.org/pubs/reports/pub128/appendix2.html,/pubs/reports/pub128/appendix2
https://www.clir.org/pubs/reports/reports/pub128/contents.html,/pubs/reports/reports/pub128/contents
/pubs/reports/pub129,
/pubs/reports/pub129/afterword.html,/pubs/reports/pub129/afterward
/pubs/reports/pub129/bennett.html,/pubs/reports/pub129/bennett
/pubs/reports/pub129/contents.html,/pubs/reports/pub129/contents
/pubs/reports/pub129/demas.html,/pubs/reports/pub129/demas
/pubs/reports/pub129/freeman.html,/pubs/reports/pub129/freeman
/pubs/reports/pub129/frischer.html,/pubs/reports/pub129/frischer
/pubs/reports/pub129/oliver.html,/pubs/reports/pub129/oliver
/pubs/reports/pub129/peterson.html,/pubs/reports/pub129/peterson
/pubs/reports/pub129/reading.html,/pubs/reports/pub129/reading
/pubs/reports/pub129/sum129.html,/pubs/reports/pub129/sum129
/pubs/reports/pub130,
/pubs/reports/pub131,
/pubs/reports/pub132,
/pubs/reports/pub132/sum132.html,
/pubs/reports/pub133,
/pubs/reports/pub133/appenda.html,/pubs/reports/pub133/appenda
/pubs/reports/pub133/appendb.html,/pubs/reports/pub133/appendb
/pubs/reports/pub133/appendc.html,/pubs/reports/pub133/appenda
/pubs/reports/pub133/appendd.html,/pubs/reports/pub133/appendb
/pubs/reports/pub133/contents.html,/pubs/reports/pub133/contents
/pubs/reports/pub133/findings.html,/pubs/reports/pub133/findings
/pubs/reports/pub133/method.html,/pubs/reports/pub133/method
/pubs/reports/pub133/purpose.html,/pubs/reports/pub133/purpose
/pubs/reports/pub133/refs.html,/pubs/reports/pub133/refs
/pubs/reports/pub133/sum133.html,/pubs/reports/pub133/sum1133
/pubs/reports/pub133/summary.html,/pubs/reports/pub133/summary
/pubs/reports/pub134,
/pubs/reports/pub134/sum134.html,
/pubs/reports/pub135,
/pubs/reports/pub135/append.html,/pubs/reports/pub135/append
/pubs/reports/pub135/contents.html,/pubs/reports/pub135/contents
/pubs/reports/pub135/sec1.html,/pubs/reports/pub135/sec1
/pubs/reports/pub135/sec2.html,/pubs/reports/pub135/sec2
/pubs/reports/pub135/sec3.html,/pubs/reports/pub135/sec3
/pubs/reports/pub135/sec4.html,/pubs/reports/pub135/sec4
/pubs/reports/pub135/sec5.html,/pubs/reports/pub135/sec5
/pubs/reports/pub135/sec6.html,/pubs/reports/pub135/sec6
/pubs/reports/pub135/sum135.html,/pubs/reports/pub135/sum135
/pubs/reports/pub136,
/pubs/reports/pub137,
/pubs/reports/pub137/appendix1.html,/pubs/reports/pub137/appendix1
/pubs/reports/pub137/appendix2.html,/pubs/reports/pub137/appendix2
/pubs/reports/pub137/contents.html,/pubs/reports/pub137/contents
/pubs/reports/pub137/part1.html,/pubs/reports/pub137/part1
/pubs/reports/pub137/part2.html,/pubs/reports/pub137/part2
/pubs/reports/pub137/sum137.html,/pubs/reports/pub137/sum137
/pubs/reports/pub138,
/pubs/reports/pub138/append1.htm,/pubs/reports/pub138/append1
/pubs/reports/pub138/append2.html,/pubs/reports/pub138/append2
/pubs/reports/pub138/append3.html,/pubs/reports/pub138/append3
/pubs/reports/pub138/append4.html,/pubs/reports/pub138/append4
/pubs/reports/pub138/conclusion.html,/pubs/reports/pub138/conclusion
/pubs/reports/pub138/contents.html,/pubs/reports/pub138/contents
/pubs/reports/pub138/execsum.html,/pubs/reports/pub138/execsum
/pubs/reports/pub138/intro.html,/pubs/reports/pub138/intro
/pubs/reports/pub138/metes.html,/pubs/reports/pub138/metes
/pubs/reports/pub138/refs.html,/pubs/reports/pub138/refs
/pubs/reports/pub139,
/pubs/reports/pub139/aca.html,
/pubs/reports/pub139/ACAall-rev.pdf,/wp-content/uploads/sites/6/ACAall-rev.pdf
/pubs/reports/pub139/claremont.html,/pubs/reports/pub139/claremont
/pubs/reports/pub139/contents.html,/pubs/reports/pub139/contents
/pubs/reports/pub139/denken.html,/pubs/reports/pub139/denken
/pubs/reports/pub139/redesign.html,/pubs/reports/pub139/redesign
/pubs/reports/pub139/rwwl.html,/pubs/reports/pub139/rwwl
/pubs/reports/pub139/smith.html,/pubs/reports/pub139/smith
/pubs/reports/pub139/sum139.html,/pubs/reports/pub139/sum139
/pubs/reports/pub139/tricoll.html,/pubs/reports/pub139/tricoll
/pubs/reports/pub140,
/pubs/reports/pub140/appenda.htm,/pubs/reports/pub140/appenda
/pubs/reports/pub140/appendb.htm,/pubs/reports/pub140/appendb
/pubs/reports/pub140/body-part3,/pubs/reports/pub140/body-part3
/pubs/reports/pub140/body.htm,/pubs/reports/pub140/body
/pubs/reports/pub140/contents.html,/pubs/reports/pub140/contents
/pubs/reports/pub140/execsum.html,/pubs/reports/pub140/execsum
/pubs/reports/pub140/sum140.html,/pubs/reports/pub140/sum140
/pubs/reports/pub141,
/pubs/reports/pub141/appendix.html,/pubs/reports/pub141/appendix
/pubs/reports/pub141/contents.html,/pubs/reports/pub141/contents
/pubs/reports/pub141/sec1.html,/pubs/reports/pub141/sec1
/pubs/reports/pub141/sec2.html,/pubs/reports/pub141/sec2
/pubs/reports/pub141/sec3.html,/pubs/reports/pub141/sec3
/pubs/reports/pub141/sec4.html,/pubs/reports/pub141/sec4
/pubs/reports/pub141/sec5.html,/pubs/reports/pub141/sec5
/pubs/reports/pub141/sec6.html,/pubs/reports/pub141/sec6
/pubs/reports/pub141/sum141.html,/pubs/reports/pub141/sum141
/pubs/reports/pub142,
/pubs/reports/pub142/contents.html,/pubs/reports/pub142/contents
/pubs/reports/pub142/courant.html,/pubs/reports/pub142/courant
/pubs/reports/pub142/dillon.html,/pubs/reports/pub142/dillon
/pubs/reports/pub142/luce.html,/pubs/reports/pub142/luce
/pubs/reports/pub142/nichols.html,/pubs/reports/pub142/nichols
/pubs/reports/pub142/part1.html,/pubs/reports/pub142/part1
/pubs/reports/pub142/rentfrow.html,/pubs/reports/pub142/rentfrow
/pubs/reports/pub142/smith.html,/pubs/reports/pub142/smith
/pubs/reports/pub142/wittenberg.html,/pubs/reports/pub142/wittenberg
/pubs/reports/pub142/zia.html,/pubs/reports/pub142/zia
/pubs/reports/pub143,
/pubs/reports/pub143/appenda.html,/pubs/reports/pub143/appenda
/pubs/reports/pub143/appendb.html,/pubs/reports/pub143/appendb
/pubs/reports/pub143/appendc.html,/pubs/reports/pub143/appenda
/pubs/reports/pub143/appendd.html,/pubs/reports/pub143/appendb
/pubs/reports/pub143/appende.html,/pubs/reports/pub143/appenda
/pubs/reports/pub143/appendf.html,/pubs/reports/pub143/appendb
/pubs/reports/pub143/contents.html,/pubs/reports/pub143/appenda
/pubs/reports/pub143/execsum.html,/pubs/reports/pub143/execsum
/pubs/reports/pub143/sec1.html,/pubs/reports/pub143/sec1
/pubs/reports/pub143/sec2.html,/pubs/reports/pub143/sec2
/pubs/reports/pub143/sec3.html,/pubs/reports/pub143/sec3
/pubs/reports/pub143/sec4.html,/pubs/reports/pub143/sec4
/pubs/reports/pub143/sec5.html,/pubs/reports/pub143/sec5
/pubs/reports/pub143/sec6.html,/pubs/reports/pub143/sec6
/pubs/reports/pub144,
/pubs/reports/pub144/appenda.html,/pubs/reports/pub144/appenda
/pubs/reports/pub144/appendb.html,/pubs/reports/pub144/appendb
/pubs/reports/pub144/appendc.html,/pubs/reports/pub144/appendc
/pubs/reports/pub144/contents.html,/pubs/reports/pub144/contents
/pubs/reports/pub144/sec1.html,/pubs/reports/pub144/sec1
/pubs/reports/pub144/sec2.html,/pubs/reports/pub144/sec2
/pubs/reports/pub144/sec3.html,/pubs/reports/pub144/sec3
/pubs/reports/pub144/sec4.html,/pubs/reports/pub144/sec4
/pubs/reports/pub144/sec5.html,/pubs/reports/pub144/sec5
/pubs/reports/pub144/sum144.html,/pubs/reports/pub144/sum144
/pubs/reports/pub145,
/pubs/reports/pub145/sum145.html,/pubs/reports/pub145/sum145
/pubs/reports/pub146,
/pubs/reports/pub146/body.htm,/pubs/reports/pub146/body
/pubs/reports/pub146/contents.html,/pubs/reports/pub146/contents
/pubs/reports/pub147,
/pubs/reports/pub148,
/pubs/reports/pub148/contents.html,
/pubs/reports/pub149,
/pubs/reports/pub150,
/pubs/reports/pub151,
/pubs/reports/pub151/1.-the-first-challenge-and-its-respondents,/pubs/reports/pub151/1-the-first-challenge-and-its-respondents/
/pubs/reports/pub151/2.-characteristics-of-the-eight-projects,/pubs/reports/pub151/2-characteristics-of-the-eight-projects/
/pubs/reports/pub151/3.-reflecting-and-looking-ahead,/pubs/reports/pub151/3-reflecting-and-looking-ahead/
/pubs/reports/pub151/afterword-a-charge-to-stakeholders,
/pubs/reports/pub151/case-studies,
/pubs/reports/pub151/case-studies/did-arq,
/pubs/reports/pub151/case-studies/dmci,
/pubs/reports/pub151/case-studies/dve,
/pubs/reports/pub151/case-studies/enlightenment,
/pubs/reports/pub151/case-studies/harvesting,
/pubs/reports/pub151/case-studies/mining,
/pubs/reports/pub151/case-studies/railroads,
/pubs/reports/pub151/case-studies/salami,
/pubs/reports/pub151/contents,
/pubs/reports/pub151/digging-into-data-challenge-award-recipients-2009-project-participants,
/pubs/reports/pub151/executive-summary,
/pubs/reports/pub151/pub151.pdf,/wp-content/uploads/sites/6/pub151.pdf
/pubs/reports/pub151/suggestions-for-further-reading,
/pubs/reports/pub152,
/pubs/reports/pub152/LDWTechDraft_ver1.0final_111230.pdf,/wp-content/uploads/sites/6/LDWTechDraft_ver1.0final_111230.pdf
/pubs/reports/pub152/linked-data-survey,
/pubs/reports/pub152/Stanford Linked Data Workshop Report FINAL 111024.htm,/pubs/reports/pub152/stanford-linked-data-workshop/
/pubs/reports/pub153,
/pubs/reports/pub153/body,
/pubs/reports/pub153/contents,
/pubs/reports/pub153/pub153.pdf,/wp-content/uploads/sites/6/pub153.pdf
/pubs/reports/pub153/references,
/pubs/reports/pub154,
/pubs/reports/pub154/contents,
/pubs/reports/pub154/education,
/pubs/reports/pub154/introduction,
/pubs/reports/pub154/problem-of-data,
/pubs/reports/pub154/pub154.pdf,/wp-content/uploads/sites/6/pub154.pdf
/pubs/reports/pub155,
/pubs/reports/pub155/pub155.pdf,/wp-content/uploads/sites/6/pub155.pdf
/pubs/reports/pub156,
/pubs/reports/pub156/contents,
/pubs/reports/pub156/executive-summary,
/pubs/reports/pub156/pub156.pdf,/wp-content/uploads/sites/6/pub156.pdf
/pubs/reports/pub156/references,
/pubs/reports/pub156/section1,
/pubs/reports/pub156/section2,
/pubs/reports/pub156/section3,
/pubs/reports/pub156/section4,
/pubs/reports/pub157,
/pubs/reports/pub157/pub157.pdf,/wp-content/uploads/sites/6/pub157.pdf
/pubs/reports/pub158,
/pubs/reports/pub158/pub158.pdf,/wp-content/uploads/sites/6/pub158.pdf
/pubs/reports/pub159,
/pubs/reports/pub159/pub159.pdf,/wp-content/uploads/sites/6/pub159.pdf
/pubs/reports/pub159/pub159t.pdf,/wp-content/uploads/sites/6/pub159t.pdf
/pubs/reports/pub159/report-cover.pdf,/wp-content/uploads/sites/6/report-cover.pdf
/pubs/reports/pub160,
/pubs/reports/pub160/denton-declaration,/wp-content/uploads/sites/6/denton-declaration.pdf
/pubs/reports/pub160/pub160.pdf,/wp-content/uploads/sites/6/pub160.pdf
/pubs/reports/pub161,
/pubs/reports/pub161/pub161.pdf,/wp-content/uploads/sites/6/pub161.pdf
/pubs/reports/pub162,
/pubs/reports/pub162/pub162.pdf,/wp-content/uploads/sites/6/pub162.pdf
/pubs/reports/pub162/webinar2014,
/pubs/reports/pub163,
/pubs/reports/pub163/pub163.pdf,/wp-content/uploads/sites/6/pub163.pdf
/pubs/reports/pub164,
/pubs/reports/pub164abst,/pubs/reports/pub164
/pubs/reports/pub164/pub164.pdf,/wp-content/uploads/sites/6/pub164.pdf
/pubs/reports/pub165,
/pubs/reports/pub165/casestudy_MSU,/pubs/reports/pub165/casestudy_msu
/pubs/reports/pub165/GF03WebMetricsAnalyticsSurveyopt.pdf,/wp-content/uploads/sites/6/GF03WebMetricsAnalyticsSurveyopt.pdf
/pubs/reports/pub165/GF04PreplanForm.pdf,/wp-content/uploads/sites/6/GF04PreplanForm.pdf
/pubs/reports/pub165/stakeholder,
/pubs/reports/pub166,
/pubs/reports/pub166/pub166-pdf,/wp-content/uploads/sites/6/pub166.pdf
/pubs/reports/pub167,
/pubs/reports/pub167/about.pdf,
/pubs/reports/pub167/appx1.pdf,
/pubs/reports/pub167/appx2.pdf,
/pubs/reports/pub167/authors.pdf,
/pubs/reports/pub167/collaboration.pdf,
/pubs/reports/pub167/expanding.pdf,
/pubs/reports/pub167/foreword.pdf,
/pubs/reports/pub167/history.pdf,
/pubs/reports/pub167/next.pdf,
/pubs/reports/pub167/pedagogy.pdf,
/pubs/reports/pub167/pub167.pdf,
/pubs/reports/pub167/RDM.pdf,
/pubs/reports/pub167/survey.pdf,
/pubs/reports/pub167/trackless.pdf,
/pubs/reports/pub168,
/pubs/reports/pub168/pub168,/pubs/reports/pub168
/pubs/reports/pub169,
/pubs/reports/pub169/addonizioetal.pdf,/wp-content/uploads/sites/6/addonizioetal.pdf
/pubs/reports/pub169/appendix-1,
/pubs/reports/pub169/appendix-2,
/pubs/reports/pub169/appendix-3,
/pubs/reports/pub169/banks-fogel,
/pubs/reports/pub169/blacketal.pdf,
/pubs/reports/pub169/cariani-et-al,
/pubs/reports/pub169/conclusion,
/pubs/reports/pub169/epilogue,
/pubs/reports/pub169/fidler-et-al,
/pubs/reports/pub169/gieringer-et-al,
/pubs/reports/pub169/goldsby.pdf,
/pubs/reports/pub169/greene-et-al,
/pubs/reports/pub169/gustainis,
/pubs/reports/pub169/gustainis-letocha,
/pubs/reports/pub169/harteral.pdf,
/pubs/reports/pub169/henry.pdf,
/pubs/reports/pub169/learningatwork.pdf,
/pubs/reports/pub169/luckoetal.pdf,
/pubs/reports/pub169/malbinetal.pdf,
/pubs/reports/pub169/malcolm-runge,
/pubs/reports/pub169/mcknightetal.pdf,
/pubs/reports/pub169/mcshea,
/pubs/reports/pub169/msgfromeditor.pdf,
/pubs/reports/pub169/peek,
/pubs/reports/pub169/perry,
/pubs/reports/pub169/piscitellietal.pdf,
/pubs/reports/pub169/pub169.pdf,
/pubs/reports/pub169/shenetal.pdf,
/pubs/reports/pub169/spence,
/pubs/reports/pub169/tummino,
/pubs/reports/pub170,
/pubs/reports/pub171,
/pubs/reports/pub172,
/pubs/reports/pub78,
/pubs/reports/pub78/area.html,
/pubs/reports/pub78/audio.html,
/pubs/reports/pub78/contents.html,
/pubs/reports/pub78/manuscript.html,
/pubs/reports/pub78/preface.html,
/pubs/reports/pub78/summaries.html,
/pubs/reports/pub78/synthesis.html,
/pubs/reports/pub80-smith/pub80.html,
/pubs/reports/pub92,
/pubs/reports/pub92/appendix.html,
/pubs/reports/pub92/contents.html,
/pubs/reports/pub92/cullen.html,
/pubs/reports/pub92/hirtle.html,
/pubs/reports/pub92/levy.html,
/pubs/reports/pub92/lynch.html,
/pubs/reports/pub92/rothenberg.html,
/pubs/reports/pub92/smith.html,
/pubs/reports/pub95/pub95.pdf,/wp-content/uploads/sites/6/pub95.pdf
/pubs/reports/pub96/pub96.pdf,/wp-content/uploads/sites/6/pub96.pdf
/pubs/reports/pub97/pub97.pdf,/wp-content/uploads/sites/6/pub97.pdf
/pubs/reports/pub98/pub98.pdf,/wp-content/uploads/sites/6/pub98.pdf
/pubs/reports/pub99/pub99.pdf,/wp-content/uploads/sites/6/pub99.pdf
/pubs/reports/reports/pub129/pub129.pdf,/wp-content/uploads/sites/6/pub129.pdf
/pubs/reports/reports/pub130/pub130.pdf,/wp-content/uploads/sites/6/pub130.pdf
/pubs/reports/reports/pub130/pub130ch.pdf,/wp-content/uploads/sites/6/pub130ch.pdf
/pubs/reports/reports/pub131/pub131.pdf,/wp-content/uploads/sites/6/pub131.pdf
/pubs/reports/reports/pub132/pub132.pdf,/wp-content/uploads/sites/6/pub132.pdf
/pubs/reports/reports/pub133/pub133.pdf,/wp-content/uploads/sites/6/pub133.pdf
/pubs/reports/reports/pub134/pub134col.pdf,/wp-content/uploads/sites/6/pub134col.pdf
/pubs/reports/reports/pub134/pub134grey.pdf,/wp-content/uploads/sites/6/pub134grey.pdf
/pubs/reports/reports/pub135/pub135.pdf,/wp-content/uploads/sites/6/pub135.pdf
/pubs/reports/reports/pub136/pub136.pdf,/wp-content/uploads/sites/6/pub136.pdf
/pubs/reports/reports/pub137/pub137.pdf,/wp-content/uploads/sites/6/pub137.pdf
/pubs/reports/reports/pub138/pub138.pdf,/wp-content/uploads/sites/6/pub138.pdf
/pubs/reports/reports/pub139/CLall.pdf,/wp-content/uploads/sites/6/CLall.pdf
/pubs/reports/reports/pub139/pub139.pdf,/wp-content/uploads/sites/6/pub139.pdf
/pubs/reports/reports/pub139/RWWLall.pdf,/wp-content/uploads/sites/6/RWWLall.pdf
/pubs/reports/reports/pub140/pub140.pdf,/wp-content/uploads/sites/6/pub140.pdf
/pubs/reports/reports/pub141/pub141.pdf,/wp-content/uploads/sites/6/pub141.pdf
/pubs/reports/reports/pub142/pub142.pdf,/wp-content/uploads/sites/6/pub142.pdf
/pubs/reports/reports/pub142/pub142Arabic_part1.pdf,/wp-content/uploads/sites/6/pub142Arabic_part1.pdf
/pubs/reports/reports/pub142/pub142Chinese_part1.pdf,/wp-content/uploads/sites/6/pub142Chinese_part1.pdf
/pubs/reports/reports/pub143/pub143.pdf,/wp-content/uploads/sites/6/pub143.pdf
/pubs/reports/reports/pub144/pub144.pdf,/wp-content/uploads/sites/6/pub144.pdf
/pubs/reports/reports/pub145/pub145.pdf,/wp-content/uploads/sites/6/pub145.pdf
/pubs/reports/reports/pub146/pub146.pdf,/wp-content/uploads/sites/6/pub146.pdf
/pubs/reports/reports/pub147/data1Gevinson.pdf,/wp-content/uploads/sites/6/data1Gevinson.pdf
/pubs/reports/reports/pub147/data2Gevinson.pdf,/wp-content/uploads/sites/6/data2Gevinson.pdf
/pubs/reports/reports/pub147/dataAGevinson.pdf,/wp-content/uploads/sites/6/dataAGevinson.pdf
/pubs/reports/reports/pub147/dataBaralt.pdf,/wp-content/uploads/sites/6/dataBaralt.pdf
/pubs/reports/reports/pub147/dataBGevinson.pdf,/wp-content/uploads/sites/6/dataBGevinson.pdf
/pubs/reports/reports/pub147/dataCGevinson.pdf,/wp-content/uploads/sites/6/dataCGevinson.pdf
/pubs/reports/reports/pub147/dataSchmitz.xls,/wp-content/uploads/sites/6/dataSchmitz.xls
/pubs/reports/reports/pub147/dataSoler.pdf,/wp-content/uploads/sites/6/dataSoler.pdf
/pubs/reports/reports/pub147/pub147.pdf,/wp-content/uploads/sites/6/pub147.pdf
/pubs/reports/reports/pub147/sumBaralt.pdf,/wp-content/uploads/sites/6/sumBaralt.pdf
/pubs/reports/reports/pub147/sumGevinson.pdf,/wp-content/uploads/sites/6/sumGevinson.pdf
/pubs/reports/reports/pub147/sumIntro.pdf,/wp-content/uploads/sites/6/sumIntro.pdf
/pubs/reports/reports/pub147/sumSchmitz.pdf,/wp-content/uploads/sites/6/sumSchmitz.pdf
/pubs/reports/reports/pub147/sumSoler.pdf,/wp-content/uploads/sites/6/sumSoler.pdf
/pubs/reports/reports/pub148/pub148.pdf,/wp-content/uploads/sites/6/pub148.pdf
/pubs/reports/reports/pub149/pub149.pdf,/wp-content/uploads/sites/6/pub149.pdf
/pubs/reports/reports/pub150/pub150.pdf,/wp-content/uploads/sites/6/pub150.pdf
/pubs/reports/reports/pub152/LinkedDataWorkshop.pdf,/wp-content/uploads/sites/6/LinkedDataWorkshop.pdf
/pubs/reports/spiro,
/pubs/reports/spiro/append1.htm,
/pubs/reports/spiro/append2.htm,
/pubs/reports/spiro/append4.htm,
/pubs/reports/spiro/spiro/spiro_Jan13.pdf,/wp-content/uploads/sites/6/spiro_Jan13.pdf
/pubs/reports/trant04.html,/pubs/reports/trant04
/pubs/resources,
/pubs/resources/2003-sponsors-symposium,
/pubs/resources/2003-sponsors-symposium/symp2003PPT.html,/pubs/resources/2003-sponsors-symposium/symp2003ppt
/pubs/resources/2004-sponsors-symposium,
/pubs/resources/2004-sponsors-symposium/symp2004PPT.html,/pubs/resources/2004-sponsors-symposium/symp2004ppt
/pubs/resources/2005-sponsors-symposium,
/pubs/resources/2005-sponsors-symposium/apr05spon_agenda.htm,/pubs/resources/2005-sponsors-symposium/apr05spon_agenda/
/pubs/resources/2005-sponsors-symposium/sympslides2005/Griffiths.htm,/wp-content/uploads/sites/6/Griffiths.ppt
/pubs/resources/2005-sponsors-symposium/sympslides2005/RhindTutt.htm,/wp-content/uploads/sites/6/RhindTutt.ppt
/pubs/resources/2005-sponsors-symposium/sympslides2005/Shulenburger.htm,/wp-content/uploads/sites/6/Shulenburger.ppt
/pubs/resources/2005-sponsors-symposium/sympslides2005/Woods.htm,/pubs/resources/2005-sponsors-symposium/woods/
/pubs/resources/2006-sponsors-symposium,
/pubs/resources/2006-sponsors-symposium/apr06sponagenda.htm,/pubs/resources/2006-sponsors-symposium/apr06sponagenda/
/pubs/resources/2006-sponsors-symposium/sympslides2006/Cheetham.ppt,/wp-content/uploads/sites/6/Cheetham.ppt
/pubs/resources/2006-sponsors-symposium/sympslides2006/CultureBrowser_FactSheet.pdf,/wp-content/uploads/sites/6/CultureBrowser_FactSheet.pdf
/pubs/resources/2006-sponsors-symposium/sympslides2006/Decker.ppt,/wp-content/uploads/sites/6/Decker.ppt
/pubs/resources/2006-sponsors-symposium/sympslides2006/ParcelMapping_FactSheet.pdf,/wp-content/uploads/sites/6/ParcelMapping_FactSheet.pdf
/pubs/resources/2006-sponsors-symposium/sympslides2006/PhotoArchive_FactSheet.pdf,/wp-content/uploads/sites/6/PhotoArchive_FactSheet.pdf
/pubs/resources/2008-sponsors-symposium,
/pubs/resources/2008-sponsors-symposium/08sponagenda.htm,/pubs/resources/2008-sponsors-symposium/agenda-2008/
/pubs/resources/2009-sponsors-symposium,
/pubs/resources/2009-sponsors-symposium/09sponagenda.htm,/pubs/resources/2009-sponsors-symposium/09sponagenda/
/pubs/resources/2011-sponsors-symposium,
/pubs/resources/2011-sponsors-symposium/11sponagenda.pdf,/wp-content/uploads/sites/6/11sponagenda_57d70f74e7b84.pdf
/pubs/resources/2011-sponsors-symposium/sympslides2011/hydra.pdf,s/wp-content/uploads/sites/6/hydra_57d70f74e8365.pdf
/pubs/resources/2011-sponsors-symposium/sympslides2011/jahnke.pdf,/wp-content/uploads/sites/6/jahnke_57d70f74e8b16.pdf
/pubs/resources/2011-sponsors-symposium/sympslides2011/neuroth.pdf,/wp-content/uploads/sites/6/neuroth_57d70f74e934c.pdf
/pubs/resources/ad-converters-pohlmann.pdf,/wp-content/uploads/sites/6/ad-converters-pohlmann.pdf
/pubs/resources/Anvil Intro Part 1,/wp-content/uploads/sites/6/Anvil-intro-Part-1.mp3
/pubs/resources/Anvil Intro Part 2,/wp-content/uploads/sites/6/Anvil-intro-Part-2.mp3
/pubs/resources/articles.html,/pubs/resources/articles
/pubs/resources/Assessment360.pdf,/wp-content/uploads/sites/6/Assessment360.pdf
/pubs/resources/Assessment360exsum.pdf,/wp-content/uploads/sites/6/Assessment360exsum.pdf
/pubs/resources/clir-annual-sponsors-symposium-2007,
/pubs/resources/clir-annual-sponsors-symposium-2007/dec07sponagenda.htm,/pubs/resources/clir-annual-sponsors-symposium-2007/dec07sponagenda
/pubs/resources/core-functions-of-the-research-library-in-the-21st-century,
/pubs/resources/dbm_elsevier2003.html,/pubs/resources/dbm_elsevier2003
/pubs/resources/global-digital-libraries-inaugural-conference-2009,
/pubs/resources/linked-data-rdf-workshop-british-library-2010,
/pubs/resources/linked-data-rdf-workshop-british-library-2010/BL_LinkedData/99_LD_Workshop_summary_of_actions.doc,/wp-content/uploads/sites/6/BL_LinkedData/99_LD_Workshop_summary_of_actions.doc
/pubs/resources/linked-data-rdf-workshop-british-library-2010/BL_LinkedData/LDSurveySummary_06082010.pdf,/wp-content/uploads/sites/6/BL_LinkedData/LDSurveySummary_06082010.pdf
/pubs/resources/linked-data-rdf-workshop-british-library-2010/BL_LinkedData/linked_data_programme.html,/pubs/resources/linked-data-rdf-workshop-british-library-2010/BL_LinkedData/linked_data_programme
/pubs/resources/linked-data-rdf-workshop-british-library-2010/BL_LinkedData/Linked_Data_Workshop_Summary_Report_DRAFT.doc,/wp-content/uploads/sites/6/BL_LinkedData/Linked_Data_Workshop_Summary_Report_DRAFT.doc
/pubs/resources/managing-digital-assets-a-primer-for-library-and-information-technology-administrators,/pubs/resources/managing-digital-assets-a-primer-for-library-and-information-technology-administrators/
/pubs/resources/managing-digital-assets-a-primer-for-library-and-information-technology-administrators/feb05_biblio.html,/pubs/resources/managing-digital-assets-a-primer-for-library-and-information-technology-administrators/feb05_biblio
/pubs/resources/managing-digital-assets-a-primer-for-library-and-information-technology-administrators/feb05_spkrnotes/dempsey.htm,/wp-content/uploads/sites/6/dempsey.ppt
/pubs/resources/managing-digital-assets-a-primer-for-library-and-information-technology-administrators/feb05_spkrnotes/goodyear.htm,/wp-content/uploads/sites/6/goodyear.ppt
/pubs/resources/managing-digital-assets-a-primer-for-library-and-information-technology-administrators/feb05_spkrnotes/greenbaum.htm,/wp-content/uploads/sites/6/greenbaum.ppt
/pubs/resources/managing-digital-assets-a-primer-for-library-and-information-technology-administrators/feb05_spkrnotes/okerson.htm,/wp-content/uploads/sites/6/okerson.ppt
/pubs/resources/managing-digital-assets-a-primer-for-library-and-information-technology-administrators/feb05_spkrnotes/seaman.htm,/wp-content/uploads/sites/6/seaman.ppt
/pubs/resources/managing-digital-assets-a-primer-for-library-and-information-technology-administrators/feb05_spkrnotes/smith.htm,/pubs/resources/managing-digital-assets-a-primer-for-library-and-information-technology-administrators/smith/
/pubs/resources/managing-digital-assets-a-primer-for-library-and-information-technology-administrators/feb05_spkrnotes/waters.htm,/pubs/resources/managing-digital-assets-a-primer-for-library-and-information-technology-administrators/waters/
/pubs/resources/managing-digital-assets-a-primer-for-library-and-information-technology-administrators/feb05_spkrnotes/wolpert.htm,/wp-content/uploads/sites/6/wolpert.ppt
/pubs/resources/managing-digital-assets-a-primer-for-library-and-information-technology-administrators/feb05_spkrnotes/woodten.htm,/wp-content/uploads/sites/6/woodten.ppt
/pubs/resources/managing-digital-assets-strategic-issues-for-research-libraries,
/pubs/resources/mid-career-library-leadership-training-2006,
/pubs/resources/promoting-digital-scholarship-i,
/pubs/resources/promoting-digital-scholarship-i/Nov07Lougee.pdf,/wp-content/uploads/sites/6/Nov07Lougee.pdf
/pubs/resources/promoting-digital-scholarship-i/Nov28final.pdf,/wp-content/uploads/sites/6/Nov28final.pdf
/pubs/resources/promoting-digital-scholarship-i/prospectus.pdf,/wp-content/uploads/sites/6/prospectus.pdf
/pubs/resources/promoting-digital-scholarship-ii-clir-neh,
/pubs/resources/promoting-digital-scholarship-ii-clir-neh/agenda08_05.htm,/pubs/resources/promoting-digital-scholarship-ii-clir-neh/agenda08_05
/pubs/resources/promoting-digital-scholarship-ii-clir-neh/agenda08_05.pdf,/wp-content/uploads/sites/6/agenda08_05.pdf
/pubs/resources/promoting-digital-scholarship-ii-clir-neh/crane11_11.pdf,/wp-content/uploads/sites/6/crane11_11.pdf
/pubs/resources/promoting-digital-scholarship-ii-clir-neh/FinalPerfRep08.pdf,/wp-content/uploads/sites/6/FinalPerfRep08.pdf
/pubs/resources/promoting-digital-scholarship-ii-clir-neh/friedlander.pdf,/wp-content/uploads/sites/6/friedlander.pdf
/pubs/resources/promoting-digital-scholarship-ii-clir-neh/huberman11_11.pdf,/wp-content/uploads/sites/6/huberman11_11.pdf
/pubs/resources/promoting-digital-scholarship-ii-clir-neh/levander11_11.pdf,/wp-content/uploads/sites/6/levander11_11.pdf
/pubs/resources/promoting-digital-scholarship-ii-clir-neh/murray11_11.pdf,/wp-content/uploads/sites/6/murray11_11.pdf
/pubs/resources/promoting-digital-scholarship-ii-clir-neh/oard11_11.pdf,/wp-content/uploads/sites/6/oard11_11.pdf
/pubs/resources/promoting-digital-scholarship-ii-clir-neh/Participants.html,/pubs/resources/promoting-digital-scholarship-ii-clir-neh/participants/
/pubs/resources/promoting-digital-scholarship-ii-clir-neh/stone11_11.pdf,/wp-content/uploads/sites/6/stone11_11.pdf
/pubs/resources/promoting-digital-scholarship-ii-clir-neh/zorich.pdf,/wp-content/uploads/sites/6/zorich.pdf
/pubs/resources/tutorial.html,/pubs/resources/tutorial
/pubs/ruminations,
/pubs/ruminations/01wilkin,
/pubs/ruminations/01wilkin/images/fig2.eps,/wp-content/uploads/sites/6/fig2.eps
/pubs/ruminations/01wilkin/images/fig3.eps,/wp-content/uploads/sites/6/fig3.eps
/pubs/ruminations/01wilkin/images/fig4.eps,/wp-content/uploads/sites/6/fig4.eps
/pubs/ruminations/01wilkin/images/fig5.eps,/wp-content/uploads/sites/6/fig5.eps
/pubs/ruminations/01wilkin/images/fig6.eps,/wp-content/uploads/sites/6/fig6.eps
/pubs/ruminations/01wilkin/images/fig7.eps,/wp-content/uploads/sites/6/fig7.eps
/pubs/ruminations/01wilkin/wilkin.pdf,/wp-content/uploads/sites/6/wilkin.pdf
/pubs/ruminations/02cornellcolumbia,
/pubs/ruminations/02cornellcolumbia/appendix1.pdf,/wp-content/uploads/sites/6/02cornellcolumbia-appendix1.pdf
/pubs/ruminations/02cornellcolumbia/appendix2.pdf,/wp-content/uploads/sites/6/02cornellcolumbia-appendix2.pdf
/pubs/ruminations/02cornellcolumbia/appendix3.pdf,/wp-content/uploads/sites/6/02cornellcolumbia-appendix3.pdf
/pubs/ruminations/02cornellcolumbia/report.pdf,/wp-content/uploads/sites/6/02cornellcolumbia-report.pdf
/pubs/ruminations/03smithrumsey,/pubs/ruminations/translational-humanities/
/pubs/ruminations/03smithrumsey/report.pdf,/wp-content/uploads/sites/6/ruminations_rumsey.pdf